case_id,split,split_ratio,rule_family,reference_proof_state,candidate_rule_id,material_type,action_type,stratification_key,row_index,fold_id,leakage_checked
CASE_0001,train,70/15/15,Rotterdam-inspired,confirmed_violation,ROT_R05,listed_formulation,cross_border_sale,Rotterdam-inspired__confirmed_violation,1,0,yes
CASE_0002,train,70/15/15,Montreal-inspired,probable_violation,MON_R01,controlled_ODS,import,Montreal-inspired__probable_violation,2,0,yes
CASE_0003,train,70/15/15,Basel-inspired,probable_violation,BAS_R02,waste_solvent,export,Basel-inspired__probable_violation,3,0,yes
CASE_0004,train,70/15/15,Minamata-inspired,insufficient_evidence,MIN_R04,mercury_contaminated_effluent,treatment,Minamata-inspired__insufficient_evidence,4,0,yes
CASE_0008,train,70/15/15,Stockholm-inspired,confirmed_violation,STO_R05,restricted_flame_retardant,use,Stockholm-inspired__confirmed_violation,8,0,yes
CASE_0009,train,70/15/15,Montreal-inspired,no_violation,MON_R02,CFC_stock,production,Montreal-inspired__no_violation,9,0,yes
CASE_0010,train,70/15/15,Minamata-inspired,no_violation,MIN_R03,mercury_sludge,storage,Minamata-inspired__no_violation,10,0,yes
CASE_0011,train,70/15/15,Stockholm-inspired,human_review_required,STO_R05,restricted_flame_retardant,use,Stockholm-inspired__human_review_required,11,0,yes
CASE_0012,train,70/15/15,Rotterdam-inspired,no_violation,ROT_R02,hazardous_chemical,cross_border_sale,Rotterdam-inspired__no_violation,12,0,yes
CASE_0013,train,70/15/15,Stockholm-inspired,probable_violation,STO_R02,PCB_stock,storage,Stockholm-inspired__probable_violation,13,0,yes
CASE_0014,train,70/15/15,Rotterdam-inspired,no_violation,ROT_R04,restricted_solvent,export,Rotterdam-inspired__no_violation,14,0,yes
CASE_0016,train,70/15/15,Montreal-inspired,no_violation,MON_R01,controlled_ODS,import,Montreal-inspired__no_violation,16,0,yes
CASE_0017,train,70/15/15,Basel-inspired,human_review_required,BAS_R03,contaminated_sludge,transfer,Basel-inspired__human_review_required,17,0,yes
CASE_0018,train,70/15/15,Stockholm-inspired,no_violation,STO_R04,POP_contaminated_material,treatment,Stockholm-inspired__no_violation,18,0,yes
CASE_0020,train,70/15/15,Montreal-inspired,human_review_required,MON_R03,HCFC_batch,use,Montreal-inspired__human_review_required,20,0,yes
CASE_0021,train,70/15/15,Stockholm-inspired,confirmed_violation,STO_R02,PCB_stock,storage,Stockholm-inspired__confirmed_violation,21,0,yes
CASE_0022,train,70/15/15,Montreal-inspired,no_violation,MON_R03,HCFC_batch,use,Montreal-inspired__no_violation,22,0,yes
CASE_0024,train,70/15/15,Basel-inspired,insufficient_evidence,BAS_R01,hazardous_waste,movement,Basel-inspired__insufficient_evidence,24,0,yes
CASE_0025,train,70/15/15,Montreal-inspired,human_review_required,MON_R01,controlled_ODS,import,Montreal-inspired__human_review_required,25,0,yes
CASE_0026,train,70/15/15,Basel-inspired,confirmed_violation,BAS_R04,e_waste_residue,disposal_transfer,Basel-inspired__confirmed_violation,26,0,yes
CASE_0027,train,70/15/15,Rotterdam-inspired,insufficient_evidence,ROT_R04,restricted_solvent,export,Rotterdam-inspired__insufficient_evidence,27,0,yes
CASE_0028,train,70/15/15,Montreal-inspired,probable_violation,MON_R01,controlled_ODS,import,Montreal-inspired__probable_violation,28,0,yes
CASE_0030,train,70/15/15,Montreal-inspired,probable_violation,MON_R02,CFC_stock,production,Montreal-inspired__probable_violation,30,0,yes
CASE_0031,train,70/15/15,Montreal-inspired,probable_violation,MON_R02,CFC_stock,production,Montreal-inspired__probable_violation,31,0,yes
CASE_0033,train,70/15/15,Rotterdam-inspired,insufficient_evidence,ROT_R02,hazardous_chemical,cross_border_sale,Rotterdam-inspired__insufficient_evidence,33,0,yes
CASE_0035,train,70/15/15,Montreal-inspired,no_violation,MON_R03,HCFC_batch,use,Montreal-inspired__no_violation,35,0,yes
CASE_0040,train,70/15/15,Stockholm-inspired,confirmed_violation,STO_R02,PCB_stock,storage,Stockholm-inspired__confirmed_violation,40,0,yes
CASE_0041,train,70/15/15,Minamata-inspired,confirmed_violation,MIN_R03,mercury_sludge,storage,Minamata-inspired__confirmed_violation,41,0,yes
CASE_0043,train,70/15/15,Montreal-inspired,confirmed_violation,MON_R02,CFC_stock,production,Montreal-inspired__confirmed_violation,43,0,yes
CASE_0044,train,70/15/15,Minamata-inspired,confirmed_violation,MIN_R01,mercury_release,release,Minamata-inspired__confirmed_violation,44,0,yes
CASE_0045,train,70/15/15,Minamata-inspired,insufficient_evidence,MIN_R05,mercury_air_emission,release,Minamata-inspired__insufficient_evidence,45,0,yes
CASE_0046,train,70/15/15,Minamata-inspired,insufficient_evidence,MIN_R05,mercury_air_emission,release,Minamata-inspired__insufficient_evidence,46,0,yes
CASE_0050,train,70/15/15,Stockholm-inspired,insufficient_evidence,STO_R04,POP_contaminated_material,treatment,Stockholm-inspired__insufficient_evidence,50,0,yes
CASE_0051,train,70/15/15,Stockholm-inspired,confirmed_violation,STO_R03,obsolete_pesticide_POP,disposal,Stockholm-inspired__confirmed_violation,51,0,yes
CASE_0053,train,70/15/15,Basel-inspired,probable_violation,BAS_R01,hazardous_waste,movement,Basel-inspired__probable_violation,53,0,yes
CASE_0054,train,70/15/15,Basel-inspired,no_violation,BAS_R04,e_waste_residue,disposal_transfer,Basel-inspired__no_violation,54,0,yes
CASE_0056,train,70/15/15,Minamata-inspired,probable_violation,MIN_R03,mercury_sludge,storage,Minamata-inspired__probable_violation,56,0,yes
CASE_0057,train,70/15/15,Montreal-inspired,confirmed_violation,MON_R03,HCFC_batch,use,Montreal-inspired__confirmed_violation,57,0,yes
CASE_0058,train,70/15/15,Stockholm-inspired,probable_violation,STO_R02,PCB_stock,storage,Stockholm-inspired__probable_violation,58,0,yes
CASE_0059,train,70/15/15,Stockholm-inspired,insufficient_evidence,STO_R03,obsolete_pesticide_POP,disposal,Stockholm-inspired__insufficient_evidence,59,0,yes
CASE_0062,train,70/15/15,Basel-inspired,probable_violation,BAS_R05,spent_acid,movement,Basel-inspired__probable_violation,62,0,yes
CASE_0063,train,70/15/15,Stockholm-inspired,human_review_required,STO_R05,restricted_flame_retardant,use,Stockholm-inspired__human_review_required,63,0,yes
CASE_0065,train,70/15/15,Basel-inspired,insufficient_evidence,BAS_R03,contaminated_sludge,transfer,Basel-inspired__insufficient_evidence,65,0,yes
CASE_0067,train,70/15/15,Stockholm-inspired,confirmed_violation,STO_R01,listed_POP,use,Stockholm-inspired__confirmed_violation,67,0,yes
CASE_0069,train,70/15/15,Montreal-inspired,confirmed_violation,MON_R04,ODS_blend,sale,Montreal-inspired__confirmed_violation,69,0,yes
CASE_0070,train,70/15/15,Basel-inspired,insufficient_evidence,BAS_R02,waste_solvent,export,Basel-inspired__insufficient_evidence,70,0,yes
CASE_0071,train,70/15/15,Minamata-inspired,human_review_required,MIN_R05,mercury_air_emission,release,Minamata-inspired__human_review_required,71,0,yes
CASE_0073,train,70/15/15,Rotterdam-inspired,human_review_required,ROT_R04,restricted_solvent,export,Rotterdam-inspired__human_review_required,73,0,yes
CASE_0074,train,70/15/15,Minamata-inspired,no_violation,MIN_R03,mercury_sludge,storage,Minamata-inspired__no_violation,74,0,yes
CASE_0075,train,70/15/15,Stockholm-inspired,confirmed_violation,STO_R02,PCB_stock,storage,Stockholm-inspired__confirmed_violation,75,0,yes
CASE_0076,train,70/15/15,Minamata-inspired,probable_violation,MIN_R02,mercury_waste,waste_handling,Minamata-inspired__probable_violation,76,0,yes
CASE_0077,train,70/15/15,Rotterdam-inspired,human_review_required,ROT_R04,restricted_solvent,export,Rotterdam-inspired__human_review_required,77,0,yes
CASE_0078,train,70/15/15,Stockholm-inspired,probable_violation,STO_R05,restricted_flame_retardant,use,Stockholm-inspired__probable_violation,78,0,yes
CASE_0079,train,70/15/15,Basel-inspired,probable_violation,BAS_R04,e_waste_residue,disposal_transfer,Basel-inspired__probable_violation,79,0,yes
CASE_0080,train,70/15/15,Minamata-inspired,probable_violation,MIN_R03,mercury_sludge,storage,Minamata-inspired__probable_violation,80,0,yes
CASE_0081,train,70/15/15,Rotterdam-inspired,no_violation,ROT_R03,industrial_precursor,shipment,Rotterdam-inspired__no_violation,81,0,yes
CASE_0082,train,70/15/15,Rotterdam-inspired,no_violation,ROT_R04,restricted_solvent,export,Rotterdam-inspired__no_violation,82,0,yes
CASE_0085,train,70/15/15,Montreal-inspired,confirmed_violation,MON_R03,HCFC_batch,use,Montreal-inspired__confirmed_violation,85,0,yes
CASE_0087,train,70/15/15,Montreal-inspired,confirmed_violation,MON_R05,refrigerant_stock,import,Montreal-inspired__confirmed_violation,87,0,yes
CASE_0089,train,70/15/15,Stockholm-inspired,insufficient_evidence,STO_R01,listed_POP,use,Stockholm-inspired__insufficient_evidence,89,0,yes
CASE_0090,train,70/15/15,Montreal-inspired,human_review_required,MON_R05,refrigerant_stock,import,Montreal-inspired__human_review_required,90,0,yes
CASE_0092,train,70/15/15,Minamata-inspired,confirmed_violation,MIN_R01,mercury_release,release,Minamata-inspired__confirmed_violation,92,0,yes
CASE_0093,train,70/15/15,Minamata-inspired,confirmed_violation,MIN_R04,mercury_contaminated_effluent,treatment,Minamata-inspired__confirmed_violation,93,0,yes
CASE_0095,train,70/15/15,Montreal-inspired,human_review_required,MON_R04,ODS_blend,sale,Montreal-inspired__human_review_required,95,0,yes
CASE_0096,train,70/15/15,Basel-inspired,no_violation,BAS_R04,e_waste_residue,disposal_transfer,Basel-inspired__no_violation,96,0,yes
CASE_0097,train,70/15/15,Basel-inspired,human_review_required,BAS_R01,hazardous_waste,movement,Basel-inspired__human_review_required,97,0,yes
CASE_0098,train,70/15/15,Montreal-inspired,insufficient_evidence,MON_R03,HCFC_batch,use,Montreal-inspired__insufficient_evidence,98,0,yes
CASE_0099,train,70/15/15,Stockholm-inspired,confirmed_violation,STO_R04,POP_contaminated_material,treatment,Stockholm-inspired__confirmed_violation,99,0,yes
CASE_0100,train,70/15/15,Rotterdam-inspired,insufficient_evidence,ROT_R01,listed_pesticide,export,Rotterdam-inspired__insufficient_evidence,100,0,yes
CASE_0101,train,70/15/15,Montreal-inspired,probable_violation,MON_R01,controlled_ODS,import,Montreal-inspired__probable_violation,101,0,yes
CASE_0102,train,70/15/15,Rotterdam-inspired,human_review_required,ROT_R02,hazardous_chemical,cross_border_sale,Rotterdam-inspired__human_review_required,102,0,yes
CASE_0103,train,70/15/15,Montreal-inspired,confirmed_violation,MON_R05,refrigerant_stock,import,Montreal-inspired__confirmed_violation,103,0,yes
CASE_0104,train,70/15/15,Rotterdam-inspired,probable_violation,ROT_R05,listed_formulation,cross_border_sale,Rotterdam-inspired__probable_violation,104,0,yes
CASE_0105,train,70/15/15,Minamata-inspired,human_review_required,MIN_R02,mercury_waste,waste_handling,Minamata-inspired__human_review_required,105,0,yes
CASE_0107,train,70/15/15,Stockholm-inspired,insufficient_evidence,STO_R02,PCB_stock,storage,Stockholm-inspired__insufficient_evidence,107,0,yes
CASE_0108,train,70/15/15,Basel-inspired,no_violation,BAS_R05,spent_acid,movement,Basel-inspired__no_violation,108,0,yes
CASE_0110,train,70/15/15,Rotterdam-inspired,insufficient_evidence,ROT_R02,hazardous_chemical,cross_border_sale,Rotterdam-inspired__insufficient_evidence,110,0,yes
CASE_0112,train,70/15/15,Basel-inspired,insufficient_evidence,BAS_R04,e_waste_residue,disposal_transfer,Basel-inspired__insufficient_evidence,112,0,yes
CASE_0113,train,70/15/15,Rotterdam-inspired,insufficient_evidence,ROT_R04,restricted_solvent,export,Rotterdam-inspired__insufficient_evidence,113,0,yes
CASE_0114,train,70/15/15,Basel-inspired,confirmed_violation,BAS_R03,contaminated_sludge,transfer,Basel-inspired__confirmed_violation,114,0,yes
CASE_0115,train,70/15/15,Stockholm-inspired,probable_violation,STO_R04,POP_contaminated_material,treatment,Stockholm-inspired__probable_violation,115,0,yes
CASE_0117,train,70/15/15,Basel-inspired,insufficient_evidence,BAS_R05,spent_acid,movement,Basel-inspired__insufficient_evidence,117,0,yes
CASE_0118,train,70/15/15,Rotterdam-inspired,no_violation,ROT_R05,listed_formulation,cross_border_sale,Rotterdam-inspired__no_violation,118,0,yes
CASE_0119,train,70/15/15,Rotterdam-inspired,no_violation,ROT_R03,industrial_precursor,shipment,Rotterdam-inspired__no_violation,119,0,yes
CASE_0120,train,70/15/15,Rotterdam-inspired,no_violation,ROT_R02,hazardous_chemical,cross_border_sale,Rotterdam-inspired__no_violation,120,0,yes
CASE_0122,train,70/15/15,Montreal-inspired,confirmed_violation,MON_R02,CFC_stock,production,Montreal-inspired__confirmed_violation,122,0,yes
CASE_0124,train,70/15/15,Stockholm-inspired,confirmed_violation,STO_R04,POP_contaminated_material,treatment,Stockholm-inspired__confirmed_violation,124,0,yes
CASE_0125,train,70/15/15,Rotterdam-inspired,confirmed_violation,ROT_R01,listed_pesticide,export,Rotterdam-inspired__confirmed_violation,125,0,yes
CASE_0126,train,70/15/15,Basel-inspired,no_violation,BAS_R04,e_waste_residue,disposal_transfer,Basel-inspired__no_violation,126,0,yes
CASE_0127,train,70/15/15,Basel-inspired,no_violation,BAS_R05,spent_acid,movement,Basel-inspired__no_violation,127,0,yes
CASE_0130,train,70/15/15,Rotterdam-inspired,no_violation,ROT_R03,industrial_precursor,shipment,Rotterdam-inspired__no_violation,130,0,yes
CASE_0132,train,70/15/15,Rotterdam-inspired,confirmed_violation,ROT_R01,listed_pesticide,export,Rotterdam-inspired__confirmed_violation,132,0,yes
CASE_0134,train,70/15/15,Minamata-inspired,human_review_required,MIN_R04,mercury_contaminated_effluent,treatment,Minamata-inspired__human_review_required,134,0,yes
CASE_0135,train,70/15/15,Rotterdam-inspired,confirmed_violation,ROT_R03,industrial_precursor,shipment,Rotterdam-inspired__confirmed_violation,135,0,yes
CASE_0136,train,70/15/15,Minamata-inspired,confirmed_violation,MIN_R03,mercury_sludge,storage,Minamata-inspired__confirmed_violation,136,0,yes
CASE_0139,train,70/15/15,Basel-inspired,confirmed_violation,BAS_R04,e_waste_residue,disposal_transfer,Basel-inspired__confirmed_violation,139,0,yes
CASE_0141,train,70/15/15,Rotterdam-inspired,probable_violation,ROT_R05,listed_formulation,cross_border_sale,Rotterdam-inspired__probable_violation,141,0,yes
CASE_0142,train,70/15/15,Rotterdam-inspired,no_violation,ROT_R03,industrial_precursor,shipment,Rotterdam-inspired__no_violation,142,0,yes
CASE_0144,train,70/15/15,Minamata-inspired,insufficient_evidence,MIN_R01,mercury_release,release,Minamata-inspired__insufficient_evidence,144,0,yes
CASE_0145,train,70/15/15,Basel-inspired,confirmed_violation,BAS_R02,waste_solvent,export,Basel-inspired__confirmed_violation,145,0,yes
CASE_0146,train,70/15/15,Montreal-inspired,insufficient_evidence,MON_R04,ODS_blend,sale,Montreal-inspired__insufficient_evidence,146,0,yes
CASE_0147,train,70/15/15,Basel-inspired,probable_violation,BAS_R03,contaminated_sludge,transfer,Basel-inspired__probable_violation,147,0,yes
CASE_0148,train,70/15/15,Stockholm-inspired,human_review_required,STO_R01,listed_POP,use,Stockholm-inspired__human_review_required,148,0,yes
CASE_0151,train,70/15/15,Minamata-inspired,human_review_required,MIN_R05,mercury_air_emission,release,Minamata-inspired__human_review_required,151,0,yes
CASE_0152,train,70/15/15,Basel-inspired,probable_violation,BAS_R03,contaminated_sludge,transfer,Basel-inspired__probable_violation,152,0,yes
CASE_0153,train,70/15/15,Montreal-inspired,no_violation,MON_R01,controlled_ODS,import,Montreal-inspired__no_violation,153,0,yes
CASE_0155,train,70/15/15,Rotterdam-inspired,confirmed_violation,ROT_R03,industrial_precursor,shipment,Rotterdam-inspired__confirmed_violation,155,0,yes
CASE_0156,train,70/15/15,Stockholm-inspired,no_violation,STO_R04,POP_contaminated_material,treatment,Stockholm-inspired__no_violation,156,0,yes
CASE_0158,train,70/15/15,Minamata-inspired,confirmed_violation,MIN_R03,mercury_sludge,storage,Minamata-inspired__confirmed_violation,158,0,yes
CASE_0159,train,70/15/15,Montreal-inspired,insufficient_evidence,MON_R03,HCFC_batch,use,Montreal-inspired__insufficient_evidence,159,0,yes
CASE_0162,train,70/15/15,Montreal-inspired,human_review_required,MON_R04,ODS_blend,sale,Montreal-inspired__human_review_required,162,0,yes
CASE_0163,train,70/15/15,Minamata-inspired,no_violation,MIN_R04,mercury_contaminated_effluent,treatment,Minamata-inspired__no_violation,163,0,yes
CASE_0165,train,70/15/15,Basel-inspired,confirmed_violation,BAS_R05,spent_acid,movement,Basel-inspired__confirmed_violation,165,0,yes
CASE_0167,train,70/15/15,Basel-inspired,no_violation,BAS_R04,e_waste_residue,disposal_transfer,Basel-inspired__no_violation,167,0,yes
CASE_0169,train,70/15/15,Stockholm-inspired,no_violation,STO_R03,obsolete_pesticide_POP,disposal,Stockholm-inspired__no_violation,169,0,yes
CASE_0170,train,70/15/15,Minamata-inspired,probable_violation,MIN_R03,mercury_sludge,storage,Minamata-inspired__probable_violation,170,0,yes
CASE_0171,train,70/15/15,Rotterdam-inspired,no_violation,ROT_R01,listed_pesticide,export,Rotterdam-inspired__no_violation,171,0,yes
CASE_0172,train,70/15/15,Montreal-inspired,confirmed_violation,MON_R02,CFC_stock,production,Montreal-inspired__confirmed_violation,172,0,yes
CASE_0173,train,70/15/15,Basel-inspired,confirmed_violation,BAS_R03,contaminated_sludge,transfer,Basel-inspired__confirmed_violation,173,0,yes
CASE_0174,train,70/15/15,Basel-inspired,no_violation,BAS_R02,waste_solvent,export,Basel-inspired__no_violation,174,0,yes
CASE_0175,train,70/15/15,Montreal-inspired,probable_violation,MON_R04,ODS_blend,sale,Montreal-inspired__probable_violation,175,0,yes
CASE_0177,train,70/15/15,Basel-inspired,human_review_required,BAS_R01,hazardous_waste,movement,Basel-inspired__human_review_required,177,0,yes
CASE_0179,train,70/15/15,Basel-inspired,insufficient_evidence,BAS_R03,contaminated_sludge,transfer,Basel-inspired__insufficient_evidence,179,0,yes
CASE_0180,train,70/15/15,Stockholm-inspired,human_review_required,STO_R01,listed_POP,use,Stockholm-inspired__human_review_required,180,0,yes
CASE_0181,train,70/15/15,Minamata-inspired,probable_violation,MIN_R04,mercury_contaminated_effluent,treatment,Minamata-inspired__probable_violation,181,0,yes
CASE_0182,train,70/15/15,Basel-inspired,insufficient_evidence,BAS_R01,hazardous_waste,movement,Basel-inspired__insufficient_evidence,182,0,yes
CASE_0183,train,70/15/15,Rotterdam-inspired,confirmed_violation,ROT_R02,hazardous_chemical,cross_border_sale,Rotterdam-inspired__confirmed_violation,183,0,yes
CASE_0185,train,70/15/15,Rotterdam-inspired,insufficient_evidence,ROT_R02,hazardous_chemical,cross_border_sale,Rotterdam-inspired__insufficient_evidence,185,0,yes
CASE_0186,train,70/15/15,Basel-inspired,human_review_required,BAS_R04,e_waste_residue,disposal_transfer,Basel-inspired__human_review_required,186,0,yes
CASE_0187,train,70/15/15,Montreal-inspired,no_violation,MON_R05,refrigerant_stock,import,Montreal-inspired__no_violation,187,0,yes
CASE_0188,train,70/15/15,Montreal-inspired,insufficient_evidence,MON_R04,ODS_blend,sale,Montreal-inspired__insufficient_evidence,188,0,yes
CASE_0190,train,70/15/15,Rotterdam-inspired,confirmed_violation,ROT_R04,restricted_solvent,export,Rotterdam-inspired__confirmed_violation,190,0,yes
CASE_0191,train,70/15/15,Minamata-inspired,confirmed_violation,MIN_R01,mercury_release,release,Minamata-inspired__confirmed_violation,191,0,yes
CASE_0192,train,70/15/15,Basel-inspired,probable_violation,BAS_R03,contaminated_sludge,transfer,Basel-inspired__probable_violation,192,0,yes
CASE_0195,train,70/15/15,Montreal-inspired,confirmed_violation,MON_R04,ODS_blend,sale,Montreal-inspired__confirmed_violation,195,0,yes
CASE_0196,train,70/15/15,Stockholm-inspired,probable_violation,STO_R02,PCB_stock,storage,Stockholm-inspired__probable_violation,196,0,yes
CASE_0199,train,70/15/15,Minamata-inspired,confirmed_violation,MIN_R04,mercury_contaminated_effluent,treatment,Minamata-inspired__confirmed_violation,199,0,yes
CASE_0200,train,70/15/15,Stockholm-inspired,no_violation,STO_R02,PCB_stock,storage,Stockholm-inspired__no_violation,200,0,yes
CASE_0201,train,70/15/15,Montreal-inspired,confirmed_violation,MON_R04,ODS_blend,sale,Montreal-inspired__confirmed_violation,201,0,yes
CASE_0203,train,70/15/15,Minamata-inspired,insufficient_evidence,MIN_R04,mercury_contaminated_effluent,treatment,Minamata-inspired__insufficient_evidence,203,0,yes
CASE_0204,train,70/15/15,Minamata-inspired,no_violation,MIN_R05,mercury_air_emission,release,Minamata-inspired__no_violation,204,0,yes
CASE_0205,train,70/15/15,Montreal-inspired,confirmed_violation,MON_R03,HCFC_batch,use,Montreal-inspired__confirmed_violation,205,0,yes
CASE_0206,train,70/15/15,Minamata-inspired,no_violation,MIN_R04,mercury_contaminated_effluent,treatment,Minamata-inspired__no_violation,206,0,yes
CASE_0207,train,70/15/15,Rotterdam-inspired,human_review_required,ROT_R01,listed_pesticide,export,Rotterdam-inspired__human_review_required,207,0,yes
CASE_0209,train,70/15/15,Rotterdam-inspired,insufficient_evidence,ROT_R05,listed_formulation,cross_border_sale,Rotterdam-inspired__insufficient_evidence,209,0,yes
CASE_0212,train,70/15/15,Stockholm-inspired,confirmed_violation,STO_R01,listed_POP,use,Stockholm-inspired__confirmed_violation,212,0,yes
CASE_0214,train,70/15/15,Basel-inspired,probable_violation,BAS_R04,e_waste_residue,disposal_transfer,Basel-inspired__probable_violation,214,0,yes
CASE_0215,train,70/15/15,Minamata-inspired,probable_violation,MIN_R05,mercury_air_emission,release,Minamata-inspired__probable_violation,215,0,yes
CASE_0216,train,70/15/15,Minamata-inspired,human_review_required,MIN_R02,mercury_waste,waste_handling,Minamata-inspired__human_review_required,216,0,yes
CASE_0217,train,70/15/15,Stockholm-inspired,probable_violation,STO_R03,obsolete_pesticide_POP,disposal,Stockholm-inspired__probable_violation,217,0,yes
CASE_0219,train,70/15/15,Stockholm-inspired,human_review_required,STO_R05,restricted_flame_retardant,use,Stockholm-inspired__human_review_required,219,0,yes
CASE_0220,train,70/15/15,Minamata-inspired,confirmed_violation,MIN_R05,mercury_air_emission,release,Minamata-inspired__confirmed_violation,220,0,yes
CASE_0221,train,70/15/15,Montreal-inspired,probable_violation,MON_R05,refrigerant_stock,import,Montreal-inspired__probable_violation,221,0,yes
CASE_0222,train,70/15/15,Basel-inspired,insufficient_evidence,BAS_R04,e_waste_residue,disposal_transfer,Basel-inspired__insufficient_evidence,222,0,yes
CASE_0225,train,70/15/15,Rotterdam-inspired,confirmed_violation,ROT_R04,restricted_solvent,export,Rotterdam-inspired__confirmed_violation,225,0,yes
CASE_0226,train,70/15/15,Rotterdam-inspired,confirmed_violation,ROT_R04,restricted_solvent,export,Rotterdam-inspired__confirmed_violation,226,0,yes
CASE_0227,train,70/15/15,Rotterdam-inspired,probable_violation,ROT_R04,restricted_solvent,export,Rotterdam-inspired__probable_violation,227,0,yes
CASE_0228,train,70/15/15,Montreal-inspired,insufficient_evidence,MON_R05,refrigerant_stock,import,Montreal-inspired__insufficient_evidence,228,0,yes
CASE_0229,train,70/15/15,Minamata-inspired,probable_violation,MIN_R01,mercury_release,release,Minamata-inspired__probable_violation,229,0,yes
CASE_0230,train,70/15/15,Basel-inspired,probable_violation,BAS_R03,contaminated_sludge,transfer,Basel-inspired__probable_violation,230,0,yes
CASE_0232,train,70/15/15,Basel-inspired,probable_violation,BAS_R01,hazardous_waste,movement,Basel-inspired__probable_violation,232,0,yes
CASE_0233,train,70/15/15,Rotterdam-inspired,no_violation,ROT_R04,restricted_solvent,export,Rotterdam-inspired__no_violation,233,0,yes
CASE_0235,train,70/15/15,Rotterdam-inspired,no_violation,ROT_R05,listed_formulation,cross_border_sale,Rotterdam-inspired__no_violation,235,0,yes
CASE_0236,train,70/15/15,Minamata-inspired,confirmed_violation,MIN_R03,mercury_sludge,storage,Minamata-inspired__confirmed_violation,236,0,yes
CASE_0237,train,70/15/15,Rotterdam-inspired,insufficient_evidence,ROT_R04,restricted_solvent,export,Rotterdam-inspired__insufficient_evidence,237,0,yes
CASE_0238,train,70/15/15,Montreal-inspired,insufficient_evidence,MON_R05,refrigerant_stock,import,Montreal-inspired__insufficient_evidence,238,0,yes
CASE_0239,train,70/15/15,Basel-inspired,no_violation,BAS_R05,spent_acid,movement,Basel-inspired__no_violation,239,0,yes
CASE_0240,train,70/15/15,Montreal-inspired,insufficient_evidence,MON_R05,refrigerant_stock,import,Montreal-inspired__insufficient_evidence,240,0,yes
CASE_0241,train,70/15/15,Montreal-inspired,confirmed_violation,MON_R02,CFC_stock,production,Montreal-inspired__confirmed_violation,241,0,yes
CASE_0243,train,70/15/15,Minamata-inspired,confirmed_violation,MIN_R04,mercury_contaminated_effluent,treatment,Minamata-inspired__confirmed_violation,243,0,yes
CASE_0244,train,70/15/15,Minamata-inspired,confirmed_violation,MIN_R03,mercury_sludge,storage,Minamata-inspired__confirmed_violation,244,0,yes
CASE_0245,train,70/15/15,Stockholm-inspired,probable_violation,STO_R01,listed_POP,use,Stockholm-inspired__probable_violation,245,0,yes
CASE_0247,train,70/15/15,Rotterdam-inspired,human_review_required,ROT_R01,listed_pesticide,export,Rotterdam-inspired__human_review_required,247,0,yes
CASE_0249,train,70/15/15,Minamata-inspired,insufficient_evidence,MIN_R01,mercury_release,release,Minamata-inspired__insufficient_evidence,249,0,yes
CASE_0251,train,70/15/15,Basel-inspired,no_violation,BAS_R05,spent_acid,movement,Basel-inspired__no_violation,251,0,yes
CASE_0252,train,70/15/15,Rotterdam-inspired,probable_violation,ROT_R02,hazardous_chemical,cross_border_sale,Rotterdam-inspired__probable_violation,252,0,yes
CASE_0253,train,70/15/15,Montreal-inspired,probable_violation,MON_R01,controlled_ODS,import,Montreal-inspired__probable_violation,253,0,yes
CASE_0254,train,70/15/15,Minamata-inspired,confirmed_violation,MIN_R01,mercury_release,release,Minamata-inspired__confirmed_violation,254,0,yes
CASE_0256,train,70/15/15,Basel-inspired,no_violation,BAS_R02,waste_solvent,export,Basel-inspired__no_violation,256,0,yes
CASE_0257,train,70/15/15,Montreal-inspired,insufficient_evidence,MON_R01,controlled_ODS,import,Montreal-inspired__insufficient_evidence,257,0,yes
CASE_0258,train,70/15/15,Minamata-inspired,probable_violation,MIN_R01,mercury_release,release,Minamata-inspired__probable_violation,258,0,yes
CASE_0259,train,70/15/15,Stockholm-inspired,no_violation,STO_R03,obsolete_pesticide_POP,disposal,Stockholm-inspired__no_violation,259,0,yes
CASE_0260,train,70/15/15,Basel-inspired,insufficient_evidence,BAS_R04,e_waste_residue,disposal_transfer,Basel-inspired__insufficient_evidence,260,0,yes
CASE_0262,train,70/15/15,Rotterdam-inspired,no_violation,ROT_R04,restricted_solvent,export,Rotterdam-inspired__no_violation,262,0,yes
CASE_0263,train,70/15/15,Montreal-inspired,no_violation,MON_R05,refrigerant_stock,import,Montreal-inspired__no_violation,263,0,yes
CASE_0266,train,70/15/15,Stockholm-inspired,insufficient_evidence,STO_R03,obsolete_pesticide_POP,disposal,Stockholm-inspired__insufficient_evidence,266,0,yes
CASE_0268,train,70/15/15,Minamata-inspired,insufficient_evidence,MIN_R02,mercury_waste,waste_handling,Minamata-inspired__insufficient_evidence,268,0,yes
CASE_0273,train,70/15/15,Montreal-inspired,probable_violation,MON_R02,CFC_stock,production,Montreal-inspired__probable_violation,273,0,yes
CASE_0274,train,70/15/15,Basel-inspired,human_review_required,BAS_R03,contaminated_sludge,transfer,Basel-inspired__human_review_required,274,0,yes
CASE_0275,train,70/15/15,Minamata-inspired,confirmed_violation,MIN_R02,mercury_waste,waste_handling,Minamata-inspired__confirmed_violation,275,0,yes
CASE_0276,train,70/15/15,Stockholm-inspired,no_violation,STO_R01,listed_POP,use,Stockholm-inspired__no_violation,276,0,yes
CASE_0278,train,70/15/15,Minamata-inspired,human_review_required,MIN_R02,mercury_waste,waste_handling,Minamata-inspired__human_review_required,278,0,yes
CASE_0279,train,70/15/15,Basel-inspired,confirmed_violation,BAS_R02,waste_solvent,export,Basel-inspired__confirmed_violation,279,0,yes
CASE_0280,train,70/15/15,Stockholm-inspired,probable_violation,STO_R03,obsolete_pesticide_POP,disposal,Stockholm-inspired__probable_violation,280,0,yes
CASE_0281,train,70/15/15,Basel-inspired,confirmed_violation,BAS_R04,e_waste_residue,disposal_transfer,Basel-inspired__confirmed_violation,281,0,yes
CASE_0282,train,70/15/15,Rotterdam-inspired,confirmed_violation,ROT_R02,hazardous_chemical,cross_border_sale,Rotterdam-inspired__confirmed_violation,282,0,yes
CASE_0284,train,70/15/15,Minamata-inspired,insufficient_evidence,MIN_R05,mercury_air_emission,release,Minamata-inspired__insufficient_evidence,284,0,yes
CASE_0287,train,70/15/15,Montreal-inspired,no_violation,MON_R05,refrigerant_stock,import,Montreal-inspired__no_violation,287,0,yes
CASE_0288,train,70/15/15,Montreal-inspired,no_violation,MON_R05,refrigerant_stock,import,Montreal-inspired__no_violation,288,0,yes
CASE_0289,train,70/15/15,Minamata-inspired,probable_violation,MIN_R01,mercury_release,release,Minamata-inspired__probable_violation,289,0,yes
CASE_0291,train,70/15/15,Montreal-inspired,probable_violation,MON_R01,controlled_ODS,import,Montreal-inspired__probable_violation,291,0,yes
CASE_0292,train,70/15/15,Basel-inspired,insufficient_evidence,BAS_R04,e_waste_residue,disposal_transfer,Basel-inspired__insufficient_evidence,292,0,yes
CASE_0295,train,70/15/15,Montreal-inspired,no_violation,MON_R04,ODS_blend,sale,Montreal-inspired__no_violation,295,0,yes
CASE_0296,train,70/15/15,Basel-inspired,human_review_required,BAS_R01,hazardous_waste,movement,Basel-inspired__human_review_required,296,0,yes
CASE_0297,train,70/15/15,Stockholm-inspired,no_violation,STO_R02,PCB_stock,storage,Stockholm-inspired__no_violation,297,0,yes
CASE_0300,train,70/15/15,Rotterdam-inspired,probable_violation,ROT_R02,hazardous_chemical,cross_border_sale,Rotterdam-inspired__probable_violation,300,0,yes
CASE_0301,train,70/15/15,Stockholm-inspired,probable_violation,STO_R01,listed_POP,use,Stockholm-inspired__probable_violation,301,0,yes
CASE_0302,train,70/15/15,Montreal-inspired,confirmed_violation,MON_R02,CFC_stock,production,Montreal-inspired__confirmed_violation,302,0,yes
CASE_0303,train,70/15/15,Minamata-inspired,human_review_required,MIN_R01,mercury_release,release,Minamata-inspired__human_review_required,303,0,yes
CASE_0305,train,70/15/15,Basel-inspired,confirmed_violation,BAS_R01,hazardous_waste,movement,Basel-inspired__confirmed_violation,305,0,yes
CASE_0307,train,70/15/15,Stockholm-inspired,confirmed_violation,STO_R02,PCB_stock,storage,Stockholm-inspired__confirmed_violation,307,0,yes
CASE_0308,train,70/15/15,Stockholm-inspired,human_review_required,STO_R01,listed_POP,use,Stockholm-inspired__human_review_required,308,0,yes
CASE_0309,train,70/15/15,Rotterdam-inspired,human_review_required,ROT_R01,listed_pesticide,export,Rotterdam-inspired__human_review_required,309,0,yes
CASE_0311,train,70/15/15,Basel-inspired,human_review_required,BAS_R05,spent_acid,movement,Basel-inspired__human_review_required,311,0,yes
CASE_0312,train,70/15/15,Rotterdam-inspired,probable_violation,ROT_R02,hazardous_chemical,cross_border_sale,Rotterdam-inspired__probable_violation,312,0,yes
CASE_0314,train,70/15/15,Minamata-inspired,confirmed_violation,MIN_R02,mercury_waste,waste_handling,Minamata-inspired__confirmed_violation,314,0,yes
CASE_0315,train,70/15/15,Rotterdam-inspired,confirmed_violation,ROT_R04,restricted_solvent,export,Rotterdam-inspired__confirmed_violation,315,0,yes
CASE_0316,train,70/15/15,Basel-inspired,confirmed_violation,BAS_R04,e_waste_residue,disposal_transfer,Basel-inspired__confirmed_violation,316,0,yes
CASE_0318,train,70/15/15,Rotterdam-inspired,human_review_required,ROT_R03,industrial_precursor,shipment,Rotterdam-inspired__human_review_required,318,0,yes
CASE_0319,train,70/15/15,Minamata-inspired,no_violation,MIN_R05,mercury_air_emission,release,Minamata-inspired__no_violation,319,0,yes
CASE_0321,train,70/15/15,Minamata-inspired,no_violation,MIN_R04,mercury_contaminated_effluent,treatment,Minamata-inspired__no_violation,321,0,yes
CASE_0323,train,70/15/15,Basel-inspired,insufficient_evidence,BAS_R04,e_waste_residue,disposal_transfer,Basel-inspired__insufficient_evidence,323,0,yes
CASE_0324,train,70/15/15,Minamata-inspired,no_violation,MIN_R05,mercury_air_emission,release,Minamata-inspired__no_violation,324,0,yes
CASE_0325,train,70/15/15,Stockholm-inspired,confirmed_violation,STO_R01,listed_POP,use,Stockholm-inspired__confirmed_violation,325,0,yes
CASE_0326,train,70/15/15,Rotterdam-inspired,probable_violation,ROT_R01,listed_pesticide,export,Rotterdam-inspired__probable_violation,326,0,yes
CASE_0327,train,70/15/15,Minamata-inspired,probable_violation,MIN_R05,mercury_air_emission,release,Minamata-inspired__probable_violation,327,0,yes
CASE_0328,train,70/15/15,Rotterdam-inspired,no_violation,ROT_R03,industrial_precursor,shipment,Rotterdam-inspired__no_violation,328,0,yes
CASE_0329,train,70/15/15,Rotterdam-inspired,no_violation,ROT_R02,hazardous_chemical,cross_border_sale,Rotterdam-inspired__no_violation,329,0,yes
CASE_0330,train,70/15/15,Montreal-inspired,no_violation,MON_R01,controlled_ODS,import,Montreal-inspired__no_violation,330,0,yes
CASE_0331,train,70/15/15,Minamata-inspired,confirmed_violation,MIN_R05,mercury_air_emission,release,Minamata-inspired__confirmed_violation,331,0,yes
CASE_0332,train,70/15/15,Minamata-inspired,probable_violation,MIN_R04,mercury_contaminated_effluent,treatment,Minamata-inspired__probable_violation,332,0,yes
CASE_0334,train,70/15/15,Rotterdam-inspired,human_review_required,ROT_R02,hazardous_chemical,cross_border_sale,Rotterdam-inspired__human_review_required,334,0,yes
CASE_0335,train,70/15/15,Montreal-inspired,probable_violation,MON_R04,ODS_blend,sale,Montreal-inspired__probable_violation,335,0,yes
CASE_0336,train,70/15/15,Montreal-inspired,no_violation,MON_R05,refrigerant_stock,import,Montreal-inspired__no_violation,336,0,yes
CASE_0337,train,70/15/15,Basel-inspired,confirmed_violation,BAS_R03,contaminated_sludge,transfer,Basel-inspired__confirmed_violation,337,0,yes
CASE_0340,train,70/15/15,Minamata-inspired,probable_violation,MIN_R04,mercury_contaminated_effluent,treatment,Minamata-inspired__probable_violation,340,0,yes
CASE_0342,train,70/15/15,Basel-inspired,probable_violation,BAS_R02,waste_solvent,export,Basel-inspired__probable_violation,342,0,yes
CASE_0343,train,70/15/15,Stockholm-inspired,probable_violation,STO_R02,PCB_stock,storage,Stockholm-inspired__probable_violation,343,0,yes
CASE_0344,train,70/15/15,Stockholm-inspired,human_review_required,STO_R02,PCB_stock,storage,Stockholm-inspired__human_review_required,344,0,yes
CASE_0345,train,70/15/15,Montreal-inspired,confirmed_violation,MON_R01,controlled_ODS,import,Montreal-inspired__confirmed_violation,345,0,yes
CASE_0346,train,70/15/15,Stockholm-inspired,probable_violation,STO_R04,POP_contaminated_material,treatment,Stockholm-inspired__probable_violation,346,0,yes
CASE_0347,train,70/15/15,Basel-inspired,confirmed_violation,BAS_R05,spent_acid,movement,Basel-inspired__confirmed_violation,347,0,yes
CASE_0349,train,70/15/15,Montreal-inspired,confirmed_violation,MON_R01,controlled_ODS,import,Montreal-inspired__confirmed_violation,349,0,yes
CASE_0350,train,70/15/15,Minamata-inspired,no_violation,MIN_R05,mercury_air_emission,release,Minamata-inspired__no_violation,350,0,yes
CASE_0351,train,70/15/15,Minamata-inspired,insufficient_evidence,MIN_R05,mercury_air_emission,release,Minamata-inspired__insufficient_evidence,351,0,yes
CASE_0352,train,70/15/15,Montreal-inspired,no_violation,MON_R05,refrigerant_stock,import,Montreal-inspired__no_violation,352,0,yes
CASE_0354,train,70/15/15,Montreal-inspired,confirmed_violation,MON_R04,ODS_blend,sale,Montreal-inspired__confirmed_violation,354,0,yes
CASE_0356,train,70/15/15,Montreal-inspired,no_violation,MON_R05,refrigerant_stock,import,Montreal-inspired__no_violation,356,0,yes
CASE_0357,train,70/15/15,Rotterdam-inspired,confirmed_violation,ROT_R02,hazardous_chemical,cross_border_sale,Rotterdam-inspired__confirmed_violation,357,0,yes
CASE_0358,train,70/15/15,Montreal-inspired,no_violation,MON_R05,refrigerant_stock,import,Montreal-inspired__no_violation,358,0,yes
CASE_0361,train,70/15/15,Montreal-inspired,probable_violation,MON_R04,ODS_blend,sale,Montreal-inspired__probable_violation,361,0,yes
CASE_0362,train,70/15/15,Montreal-inspired,probable_violation,MON_R02,CFC_stock,production,Montreal-inspired__probable_violation,362,0,yes
CASE_0363,train,70/15/15,Minamata-inspired,confirmed_violation,MIN_R05,mercury_air_emission,release,Minamata-inspired__confirmed_violation,363,0,yes
CASE_0364,train,70/15/15,Minamata-inspired,insufficient_evidence,MIN_R01,mercury_release,release,Minamata-inspired__insufficient_evidence,364,0,yes
CASE_0365,train,70/15/15,Basel-inspired,insufficient_evidence,BAS_R02,waste_solvent,export,Basel-inspired__insufficient_evidence,365,0,yes
CASE_0366,train,70/15/15,Stockholm-inspired,human_review_required,STO_R03,obsolete_pesticide_POP,disposal,Stockholm-inspired__human_review_required,366,0,yes
CASE_0367,train,70/15/15,Basel-inspired,insufficient_evidence,BAS_R05,spent_acid,movement,Basel-inspired__insufficient_evidence,367,0,yes
CASE_0368,train,70/15/15,Stockholm-inspired,probable_violation,STO_R02,PCB_stock,storage,Stockholm-inspired__probable_violation,368,0,yes
CASE_0369,train,70/15/15,Rotterdam-inspired,human_review_required,ROT_R04,restricted_solvent,export,Rotterdam-inspired__human_review_required,369,0,yes
CASE_0370,train,70/15/15,Basel-inspired,insufficient_evidence,BAS_R04,e_waste_residue,disposal_transfer,Basel-inspired__insufficient_evidence,370,0,yes
CASE_0375,train,70/15/15,Montreal-inspired,human_review_required,MON_R03,HCFC_batch,use,Montreal-inspired__human_review_required,375,0,yes
CASE_0376,train,70/15/15,Stockholm-inspired,confirmed_violation,STO_R05,restricted_flame_retardant,use,Stockholm-inspired__confirmed_violation,376,0,yes
CASE_0377,train,70/15/15,Minamata-inspired,confirmed_violation,MIN_R05,mercury_air_emission,release,Minamata-inspired__confirmed_violation,377,0,yes
CASE_0378,train,70/15/15,Stockholm-inspired,confirmed_violation,STO_R03,obsolete_pesticide_POP,disposal,Stockholm-inspired__confirmed_violation,378,0,yes
CASE_0379,train,70/15/15,Stockholm-inspired,no_violation,STO_R03,obsolete_pesticide_POP,disposal,Stockholm-inspired__no_violation,379,0,yes
CASE_0380,train,70/15/15,Rotterdam-inspired,no_violation,ROT_R04,restricted_solvent,export,Rotterdam-inspired__no_violation,380,0,yes
CASE_0381,train,70/15/15,Montreal-inspired,confirmed_violation,MON_R03,HCFC_batch,use,Montreal-inspired__confirmed_violation,381,0,yes
CASE_0383,train,70/15/15,Basel-inspired,probable_violation,BAS_R04,e_waste_residue,disposal_transfer,Basel-inspired__probable_violation,383,0,yes
CASE_0384,train,70/15/15,Basel-inspired,insufficient_evidence,BAS_R04,e_waste_residue,disposal_transfer,Basel-inspired__insufficient_evidence,384,0,yes
CASE_0385,train,70/15/15,Minamata-inspired,confirmed_violation,MIN_R01,mercury_release,release,Minamata-inspired__confirmed_violation,385,0,yes
CASE_0386,train,70/15/15,Minamata-inspired,no_violation,MIN_R04,mercury_contaminated_effluent,treatment,Minamata-inspired__no_violation,386,0,yes
CASE_0388,train,70/15/15,Rotterdam-inspired,no_violation,ROT_R01,listed_pesticide,export,Rotterdam-inspired__no_violation,388,0,yes
CASE_0390,train,70/15/15,Stockholm-inspired,probable_violation,STO_R03,obsolete_pesticide_POP,disposal,Stockholm-inspired__probable_violation,390,0,yes
CASE_0391,train,70/15/15,Stockholm-inspired,confirmed_violation,STO_R02,PCB_stock,storage,Stockholm-inspired__confirmed_violation,391,0,yes
CASE_0392,train,70/15/15,Montreal-inspired,insufficient_evidence,MON_R02,CFC_stock,production,Montreal-inspired__insufficient_evidence,392,0,yes
CASE_0393,train,70/15/15,Minamata-inspired,confirmed_violation,MIN_R01,mercury_release,release,Minamata-inspired__confirmed_violation,393,0,yes
CASE_0394,train,70/15/15,Montreal-inspired,probable_violation,MON_R01,controlled_ODS,import,Montreal-inspired__probable_violation,394,0,yes
CASE_0395,train,70/15/15,Basel-inspired,confirmed_violation,BAS_R05,spent_acid,movement,Basel-inspired__confirmed_violation,395,0,yes
CASE_0398,train,70/15/15,Rotterdam-inspired,no_violation,ROT_R05,listed_formulation,cross_border_sale,Rotterdam-inspired__no_violation,398,0,yes
CASE_0400,train,70/15/15,Montreal-inspired,confirmed_violation,MON_R03,HCFC_batch,use,Montreal-inspired__confirmed_violation,400,0,yes
CASE_0401,train,70/15/15,Rotterdam-inspired,probable_violation,ROT_R02,hazardous_chemical,cross_border_sale,Rotterdam-inspired__probable_violation,401,0,yes
CASE_0402,train,70/15/15,Basel-inspired,no_violation,BAS_R02,waste_solvent,export,Basel-inspired__no_violation,402,0,yes
CASE_0403,train,70/15/15,Minamata-inspired,confirmed_violation,MIN_R03,mercury_sludge,storage,Minamata-inspired__confirmed_violation,403,0,yes
CASE_0405,train,70/15/15,Basel-inspired,probable_violation,BAS_R05,spent_acid,movement,Basel-inspired__probable_violation,405,0,yes
CASE_0406,train,70/15/15,Basel-inspired,human_review_required,BAS_R01,hazardous_waste,movement,Basel-inspired__human_review_required,406,0,yes
CASE_0407,train,70/15/15,Minamata-inspired,insufficient_evidence,MIN_R01,mercury_release,release,Minamata-inspired__insufficient_evidence,407,0,yes
CASE_0408,train,70/15/15,Montreal-inspired,insufficient_evidence,MON_R02,CFC_stock,production,Montreal-inspired__insufficient_evidence,408,0,yes
CASE_0411,train,70/15/15,Stockholm-inspired,probable_violation,STO_R02,PCB_stock,storage,Stockholm-inspired__probable_violation,411,0,yes
CASE_0412,train,70/15/15,Stockholm-inspired,probable_violation,STO_R03,obsolete_pesticide_POP,disposal,Stockholm-inspired__probable_violation,412,0,yes
CASE_0413,train,70/15/15,Rotterdam-inspired,human_review_required,ROT_R05,listed_formulation,cross_border_sale,Rotterdam-inspired__human_review_required,413,0,yes
CASE_0414,train,70/15/15,Stockholm-inspired,confirmed_violation,STO_R03,obsolete_pesticide_POP,disposal,Stockholm-inspired__confirmed_violation,414,0,yes
CASE_0415,train,70/15/15,Rotterdam-inspired,insufficient_evidence,ROT_R03,industrial_precursor,shipment,Rotterdam-inspired__insufficient_evidence,415,0,yes
CASE_0416,train,70/15/15,Basel-inspired,no_violation,BAS_R05,spent_acid,movement,Basel-inspired__no_violation,416,0,yes
CASE_0417,train,70/15/15,Basel-inspired,probable_violation,BAS_R02,waste_solvent,export,Basel-inspired__probable_violation,417,0,yes
CASE_0418,train,70/15/15,Basel-inspired,no_violation,BAS_R02,waste_solvent,export,Basel-inspired__no_violation,418,0,yes
CASE_0420,train,70/15/15,Rotterdam-inspired,no_violation,ROT_R02,hazardous_chemical,cross_border_sale,Rotterdam-inspired__no_violation,420,0,yes
CASE_0421,train,70/15/15,Basel-inspired,no_violation,BAS_R01,hazardous_waste,movement,Basel-inspired__no_violation,421,0,yes
CASE_0422,train,70/15/15,Basel-inspired,no_violation,BAS_R05,spent_acid,movement,Basel-inspired__no_violation,422,0,yes
CASE_0423,train,70/15/15,Minamata-inspired,no_violation,MIN_R04,mercury_contaminated_effluent,treatment,Minamata-inspired__no_violation,423,0,yes
CASE_0424,train,70/15/15,Basel-inspired,confirmed_violation,BAS_R05,spent_acid,movement,Basel-inspired__confirmed_violation,424,0,yes
CASE_0425,train,70/15/15,Basel-inspired,insufficient_evidence,BAS_R03,contaminated_sludge,transfer,Basel-inspired__insufficient_evidence,425,0,yes
CASE_0426,train,70/15/15,Montreal-inspired,probable_violation,MON_R02,CFC_stock,production,Montreal-inspired__probable_violation,426,0,yes
CASE_0428,train,70/15/15,Montreal-inspired,probable_violation,MON_R05,refrigerant_stock,import,Montreal-inspired__probable_violation,428,0,yes
CASE_0429,train,70/15/15,Rotterdam-inspired,insufficient_evidence,ROT_R01,listed_pesticide,export,Rotterdam-inspired__insufficient_evidence,429,0,yes
CASE_0430,train,70/15/15,Rotterdam-inspired,probable_violation,ROT_R04,restricted_solvent,export,Rotterdam-inspired__probable_violation,430,0,yes
CASE_0431,train,70/15/15,Minamata-inspired,insufficient_evidence,MIN_R03,mercury_sludge,storage,Minamata-inspired__insufficient_evidence,431,0,yes
CASE_0432,train,70/15/15,Rotterdam-inspired,no_violation,ROT_R04,restricted_solvent,export,Rotterdam-inspired__no_violation,432,0,yes
CASE_0433,train,70/15/15,Minamata-inspired,probable_violation,MIN_R04,mercury_contaminated_effluent,treatment,Minamata-inspired__probable_violation,433,0,yes
CASE_0436,train,70/15/15,Minamata-inspired,probable_violation,MIN_R02,mercury_waste,waste_handling,Minamata-inspired__probable_violation,436,0,yes
CASE_0437,train,70/15/15,Montreal-inspired,probable_violation,MON_R02,CFC_stock,production,Montreal-inspired__probable_violation,437,0,yes
CASE_0439,train,70/15/15,Stockholm-inspired,confirmed_violation,STO_R05,restricted_flame_retardant,use,Stockholm-inspired__confirmed_violation,439,0,yes
CASE_0440,train,70/15/15,Minamata-inspired,probable_violation,MIN_R05,mercury_air_emission,release,Minamata-inspired__probable_violation,440,0,yes
CASE_0441,train,70/15/15,Rotterdam-inspired,insufficient_evidence,ROT_R02,hazardous_chemical,cross_border_sale,Rotterdam-inspired__insufficient_evidence,441,0,yes
CASE_0444,train,70/15/15,Basel-inspired,probable_violation,BAS_R04,e_waste_residue,disposal_transfer,Basel-inspired__probable_violation,444,0,yes
CASE_0446,train,70/15/15,Basel-inspired,human_review_required,BAS_R01,hazardous_waste,movement,Basel-inspired__human_review_required,446,0,yes
CASE_0449,train,70/15/15,Minamata-inspired,no_violation,MIN_R02,mercury_waste,waste_handling,Minamata-inspired__no_violation,449,0,yes
CASE_0450,train,70/15/15,Minamata-inspired,no_violation,MIN_R01,mercury_release,release,Minamata-inspired__no_violation,450,0,yes
CASE_0451,train,70/15/15,Rotterdam-inspired,confirmed_violation,ROT_R01,listed_pesticide,export,Rotterdam-inspired__confirmed_violation,451,0,yes
CASE_0452,train,70/15/15,Montreal-inspired,no_violation,MON_R03,HCFC_batch,use,Montreal-inspired__no_violation,452,0,yes
CASE_0453,train,70/15/15,Montreal-inspired,confirmed_violation,MON_R01,controlled_ODS,import,Montreal-inspired__confirmed_violation,453,0,yes
CASE_0454,train,70/15/15,Rotterdam-inspired,human_review_required,ROT_R05,listed_formulation,cross_border_sale,Rotterdam-inspired__human_review_required,454,0,yes
CASE_0455,train,70/15/15,Montreal-inspired,no_violation,MON_R01,controlled_ODS,import,Montreal-inspired__no_violation,455,0,yes
CASE_0456,train,70/15/15,Basel-inspired,confirmed_violation,BAS_R04,e_waste_residue,disposal_transfer,Basel-inspired__confirmed_violation,456,0,yes
CASE_0458,train,70/15/15,Stockholm-inspired,human_review_required,STO_R02,PCB_stock,storage,Stockholm-inspired__human_review_required,458,0,yes
CASE_0460,train,70/15/15,Montreal-inspired,no_violation,MON_R05,refrigerant_stock,import,Montreal-inspired__no_violation,460,0,yes
CASE_0461,train,70/15/15,Minamata-inspired,probable_violation,MIN_R02,mercury_waste,waste_handling,Minamata-inspired__probable_violation,461,0,yes
CASE_0462,train,70/15/15,Basel-inspired,human_review_required,BAS_R04,e_waste_residue,disposal_transfer,Basel-inspired__human_review_required,462,0,yes
CASE_0463,train,70/15/15,Stockholm-inspired,insufficient_evidence,STO_R04,POP_contaminated_material,treatment,Stockholm-inspired__insufficient_evidence,463,0,yes
CASE_0464,train,70/15/15,Rotterdam-inspired,probable_violation,ROT_R01,listed_pesticide,export,Rotterdam-inspired__probable_violation,464,0,yes
CASE_0465,train,70/15/15,Stockholm-inspired,probable_violation,STO_R05,restricted_flame_retardant,use,Stockholm-inspired__probable_violation,465,0,yes
CASE_0466,train,70/15/15,Minamata-inspired,insufficient_evidence,MIN_R01,mercury_release,release,Minamata-inspired__insufficient_evidence,466,0,yes
CASE_0467,train,70/15/15,Stockholm-inspired,confirmed_violation,STO_R01,listed_POP,use,Stockholm-inspired__confirmed_violation,467,0,yes
CASE_0469,train,70/15/15,Minamata-inspired,confirmed_violation,MIN_R02,mercury_waste,waste_handling,Minamata-inspired__confirmed_violation,469,0,yes
CASE_0470,train,70/15/15,Minamata-inspired,human_review_required,MIN_R05,mercury_air_emission,release,Minamata-inspired__human_review_required,470,0,yes
CASE_0472,train,70/15/15,Basel-inspired,probable_violation,BAS_R04,e_waste_residue,disposal_transfer,Basel-inspired__probable_violation,472,0,yes
CASE_0473,train,70/15/15,Minamata-inspired,probable_violation,MIN_R02,mercury_waste,waste_handling,Minamata-inspired__probable_violation,473,0,yes
CASE_0474,train,70/15/15,Minamata-inspired,no_violation,MIN_R03,mercury_sludge,storage,Minamata-inspired__no_violation,474,0,yes
CASE_0476,train,70/15/15,Minamata-inspired,probable_violation,MIN_R02,mercury_waste,waste_handling,Minamata-inspired__probable_violation,476,0,yes
CASE_0477,train,70/15/15,Minamata-inspired,confirmed_violation,MIN_R03,mercury_sludge,storage,Minamata-inspired__confirmed_violation,477,0,yes
CASE_0478,train,70/15/15,Stockholm-inspired,confirmed_violation,STO_R04,POP_contaminated_material,treatment,Stockholm-inspired__confirmed_violation,478,0,yes
CASE_0480,train,70/15/15,Rotterdam-inspired,insufficient_evidence,ROT_R05,listed_formulation,cross_border_sale,Rotterdam-inspired__insufficient_evidence,480,0,yes
CASE_0483,train,70/15/15,Minamata-inspired,no_violation,MIN_R03,mercury_sludge,storage,Minamata-inspired__no_violation,483,0,yes
CASE_0484,train,70/15/15,Montreal-inspired,probable_violation,MON_R03,HCFC_batch,use,Montreal-inspired__probable_violation,484,0,yes
CASE_0486,train,70/15/15,Minamata-inspired,no_violation,MIN_R01,mercury_release,release,Minamata-inspired__no_violation,486,0,yes
CASE_0487,train,70/15/15,Basel-inspired,insufficient_evidence,BAS_R01,hazardous_waste,movement,Basel-inspired__insufficient_evidence,487,0,yes
CASE_0488,train,70/15/15,Stockholm-inspired,no_violation,STO_R05,restricted_flame_retardant,use,Stockholm-inspired__no_violation,488,0,yes
CASE_0489,train,70/15/15,Stockholm-inspired,insufficient_evidence,STO_R05,restricted_flame_retardant,use,Stockholm-inspired__insufficient_evidence,489,0,yes
CASE_0491,train,70/15/15,Montreal-inspired,insufficient_evidence,MON_R05,refrigerant_stock,import,Montreal-inspired__insufficient_evidence,491,0,yes
CASE_0492,train,70/15/15,Minamata-inspired,insufficient_evidence,MIN_R04,mercury_contaminated_effluent,treatment,Minamata-inspired__insufficient_evidence,492,0,yes
CASE_0493,train,70/15/15,Montreal-inspired,confirmed_violation,MON_R04,ODS_blend,sale,Montreal-inspired__confirmed_violation,493,0,yes
CASE_0494,train,70/15/15,Rotterdam-inspired,probable_violation,ROT_R05,listed_formulation,cross_border_sale,Rotterdam-inspired__probable_violation,494,0,yes
CASE_0495,train,70/15/15,Montreal-inspired,probable_violation,MON_R05,refrigerant_stock,import,Montreal-inspired__probable_violation,495,0,yes
CASE_0496,train,70/15/15,Basel-inspired,no_violation,BAS_R02,waste_solvent,export,Basel-inspired__no_violation,496,0,yes
CASE_0497,train,70/15/15,Minamata-inspired,human_review_required,MIN_R03,mercury_sludge,storage,Minamata-inspired__human_review_required,497,0,yes
CASE_0499,train,70/15/15,Minamata-inspired,confirmed_violation,MIN_R04,mercury_contaminated_effluent,treatment,Minamata-inspired__confirmed_violation,499,0,yes
CASE_0502,train,70/15/15,Basel-inspired,human_review_required,BAS_R01,hazardous_waste,movement,Basel-inspired__human_review_required,502,0,yes
CASE_0505,train,70/15/15,Montreal-inspired,probable_violation,MON_R05,refrigerant_stock,import,Montreal-inspired__probable_violation,505,0,yes
CASE_0506,train,70/15/15,Stockholm-inspired,no_violation,STO_R01,listed_POP,use,Stockholm-inspired__no_violation,506,0,yes
CASE_0507,train,70/15/15,Rotterdam-inspired,no_violation,ROT_R01,listed_pesticide,export,Rotterdam-inspired__no_violation,507,0,yes
CASE_0508,train,70/15/15,Stockholm-inspired,confirmed_violation,STO_R04,POP_contaminated_material,treatment,Stockholm-inspired__confirmed_violation,508,0,yes
CASE_0510,train,70/15/15,Montreal-inspired,confirmed_violation,MON_R04,ODS_blend,sale,Montreal-inspired__confirmed_violation,510,0,yes
CASE_0511,train,70/15/15,Montreal-inspired,confirmed_violation,MON_R03,HCFC_batch,use,Montreal-inspired__confirmed_violation,511,0,yes
CASE_0512,train,70/15/15,Montreal-inspired,insufficient_evidence,MON_R01,controlled_ODS,import,Montreal-inspired__insufficient_evidence,512,0,yes
CASE_0513,train,70/15/15,Montreal-inspired,insufficient_evidence,MON_R02,CFC_stock,production,Montreal-inspired__insufficient_evidence,513,0,yes
CASE_0514,train,70/15/15,Rotterdam-inspired,confirmed_violation,ROT_R03,industrial_precursor,shipment,Rotterdam-inspired__confirmed_violation,514,0,yes
CASE_0515,train,70/15/15,Basel-inspired,no_violation,BAS_R03,contaminated_sludge,transfer,Basel-inspired__no_violation,515,0,yes
CASE_0516,train,70/15/15,Basel-inspired,probable_violation,BAS_R04,e_waste_residue,disposal_transfer,Basel-inspired__probable_violation,516,0,yes
CASE_0518,train,70/15/15,Basel-inspired,no_violation,BAS_R01,hazardous_waste,movement,Basel-inspired__no_violation,518,0,yes
CASE_0520,train,70/15/15,Basel-inspired,no_violation,BAS_R01,hazardous_waste,movement,Basel-inspired__no_violation,520,0,yes
CASE_0521,train,70/15/15,Stockholm-inspired,no_violation,STO_R03,obsolete_pesticide_POP,disposal,Stockholm-inspired__no_violation,521,0,yes
CASE_0522,train,70/15/15,Minamata-inspired,no_violation,MIN_R01,mercury_release,release,Minamata-inspired__no_violation,522,0,yes
CASE_0523,train,70/15/15,Minamata-inspired,no_violation,MIN_R02,mercury_waste,waste_handling,Minamata-inspired__no_violation,523,0,yes
CASE_0524,train,70/15/15,Rotterdam-inspired,probable_violation,ROT_R03,industrial_precursor,shipment,Rotterdam-inspired__probable_violation,524,0,yes
CASE_0525,train,70/15/15,Rotterdam-inspired,confirmed_violation,ROT_R02,hazardous_chemical,cross_border_sale,Rotterdam-inspired__confirmed_violation,525,0,yes
CASE_0527,train,70/15/15,Rotterdam-inspired,confirmed_violation,ROT_R05,listed_formulation,cross_border_sale,Rotterdam-inspired__confirmed_violation,527,0,yes
CASE_0528,train,70/15/15,Rotterdam-inspired,insufficient_evidence,ROT_R05,listed_formulation,cross_border_sale,Rotterdam-inspired__insufficient_evidence,528,0,yes
CASE_0529,train,70/15/15,Basel-inspired,no_violation,BAS_R05,spent_acid,movement,Basel-inspired__no_violation,529,0,yes
CASE_0530,train,70/15/15,Minamata-inspired,confirmed_violation,MIN_R04,mercury_contaminated_effluent,treatment,Minamata-inspired__confirmed_violation,530,0,yes
CASE_0531,train,70/15/15,Montreal-inspired,human_review_required,MON_R04,ODS_blend,sale,Montreal-inspired__human_review_required,531,0,yes
CASE_0532,train,70/15/15,Basel-inspired,confirmed_violation,BAS_R04,e_waste_residue,disposal_transfer,Basel-inspired__confirmed_violation,532,0,yes
CASE_0533,train,70/15/15,Stockholm-inspired,confirmed_violation,STO_R04,POP_contaminated_material,treatment,Stockholm-inspired__confirmed_violation,533,0,yes
CASE_0534,train,70/15/15,Basel-inspired,confirmed_violation,BAS_R02,waste_solvent,export,Basel-inspired__confirmed_violation,534,0,yes
CASE_0535,train,70/15/15,Rotterdam-inspired,no_violation,ROT_R03,industrial_precursor,shipment,Rotterdam-inspired__no_violation,535,0,yes
CASE_0537,train,70/15/15,Minamata-inspired,no_violation,MIN_R04,mercury_contaminated_effluent,treatment,Minamata-inspired__no_violation,537,0,yes
CASE_0539,train,70/15/15,Minamata-inspired,no_violation,MIN_R01,mercury_release,release,Minamata-inspired__no_violation,539,0,yes
CASE_0540,train,70/15/15,Montreal-inspired,confirmed_violation,MON_R02,CFC_stock,production,Montreal-inspired__confirmed_violation,540,0,yes
CASE_0542,train,70/15/15,Minamata-inspired,no_violation,MIN_R03,mercury_sludge,storage,Minamata-inspired__no_violation,542,0,yes
CASE_0544,train,70/15/15,Stockholm-inspired,human_review_required,STO_R01,listed_POP,use,Stockholm-inspired__human_review_required,544,0,yes
CASE_0546,train,70/15/15,Minamata-inspired,confirmed_violation,MIN_R04,mercury_contaminated_effluent,treatment,Minamata-inspired__confirmed_violation,546,0,yes
CASE_0547,train,70/15/15,Rotterdam-inspired,confirmed_violation,ROT_R05,listed_formulation,cross_border_sale,Rotterdam-inspired__confirmed_violation,547,0,yes
CASE_0552,train,70/15/15,Rotterdam-inspired,confirmed_violation,ROT_R02,hazardous_chemical,cross_border_sale,Rotterdam-inspired__confirmed_violation,552,0,yes
CASE_0553,train,70/15/15,Montreal-inspired,insufficient_evidence,MON_R05,refrigerant_stock,import,Montreal-inspired__insufficient_evidence,553,0,yes
CASE_0554,train,70/15/15,Basel-inspired,probable_violation,BAS_R01,hazardous_waste,movement,Basel-inspired__probable_violation,554,0,yes
CASE_0555,train,70/15/15,Stockholm-inspired,confirmed_violation,STO_R03,obsolete_pesticide_POP,disposal,Stockholm-inspired__confirmed_violation,555,0,yes
CASE_0557,train,70/15/15,Montreal-inspired,no_violation,MON_R01,controlled_ODS,import,Montreal-inspired__no_violation,557,0,yes
CASE_0558,train,70/15/15,Stockholm-inspired,human_review_required,STO_R03,obsolete_pesticide_POP,disposal,Stockholm-inspired__human_review_required,558,0,yes
CASE_0559,train,70/15/15,Montreal-inspired,human_review_required,MON_R04,ODS_blend,sale,Montreal-inspired__human_review_required,559,0,yes
CASE_0560,train,70/15/15,Minamata-inspired,insufficient_evidence,MIN_R04,mercury_contaminated_effluent,treatment,Minamata-inspired__insufficient_evidence,560,0,yes
CASE_0561,train,70/15/15,Rotterdam-inspired,human_review_required,ROT_R02,hazardous_chemical,cross_border_sale,Rotterdam-inspired__human_review_required,561,0,yes
CASE_0563,train,70/15/15,Stockholm-inspired,probable_violation,STO_R01,listed_POP,use,Stockholm-inspired__probable_violation,563,0,yes
CASE_0565,train,70/15/15,Basel-inspired,insufficient_evidence,BAS_R05,spent_acid,movement,Basel-inspired__insufficient_evidence,565,0,yes
CASE_0566,train,70/15/15,Minamata-inspired,no_violation,MIN_R05,mercury_air_emission,release,Minamata-inspired__no_violation,566,0,yes
CASE_0567,train,70/15/15,Stockholm-inspired,probable_violation,STO_R05,restricted_flame_retardant,use,Stockholm-inspired__probable_violation,567,0,yes
CASE_0570,train,70/15/15,Minamata-inspired,confirmed_violation,MIN_R05,mercury_air_emission,release,Minamata-inspired__confirmed_violation,570,0,yes
CASE_0572,train,70/15/15,Minamata-inspired,confirmed_violation,MIN_R05,mercury_air_emission,release,Minamata-inspired__confirmed_violation,572,0,yes
CASE_0573,train,70/15/15,Minamata-inspired,confirmed_violation,MIN_R05,mercury_air_emission,release,Minamata-inspired__confirmed_violation,573,0,yes
CASE_0574,train,70/15/15,Montreal-inspired,insufficient_evidence,MON_R05,refrigerant_stock,import,Montreal-inspired__insufficient_evidence,574,0,yes
CASE_0575,train,70/15/15,Rotterdam-inspired,human_review_required,ROT_R04,restricted_solvent,export,Rotterdam-inspired__human_review_required,575,0,yes
CASE_0576,train,70/15/15,Stockholm-inspired,human_review_required,STO_R05,restricted_flame_retardant,use,Stockholm-inspired__human_review_required,576,0,yes
CASE_0577,train,70/15/15,Basel-inspired,probable_violation,BAS_R05,spent_acid,movement,Basel-inspired__probable_violation,577,0,yes
CASE_0579,train,70/15/15,Stockholm-inspired,insufficient_evidence,STO_R01,listed_POP,use,Stockholm-inspired__insufficient_evidence,579,0,yes
CASE_0582,train,70/15/15,Minamata-inspired,no_violation,MIN_R05,mercury_air_emission,release,Minamata-inspired__no_violation,582,0,yes
CASE_0584,train,70/15/15,Stockholm-inspired,human_review_required,STO_R04,POP_contaminated_material,treatment,Stockholm-inspired__human_review_required,584,0,yes
CASE_0586,train,70/15/15,Basel-inspired,insufficient_evidence,BAS_R05,spent_acid,movement,Basel-inspired__insufficient_evidence,586,0,yes
CASE_0587,train,70/15/15,Rotterdam-inspired,probable_violation,ROT_R05,listed_formulation,cross_border_sale,Rotterdam-inspired__probable_violation,587,0,yes
CASE_0589,train,70/15/15,Montreal-inspired,no_violation,MON_R05,refrigerant_stock,import,Montreal-inspired__no_violation,589,0,yes
CASE_0590,train,70/15/15,Rotterdam-inspired,probable_violation,ROT_R04,restricted_solvent,export,Rotterdam-inspired__probable_violation,590,0,yes
CASE_0591,train,70/15/15,Basel-inspired,insufficient_evidence,BAS_R05,spent_acid,movement,Basel-inspired__insufficient_evidence,591,0,yes
CASE_0593,train,70/15/15,Minamata-inspired,insufficient_evidence,MIN_R04,mercury_contaminated_effluent,treatment,Minamata-inspired__insufficient_evidence,593,0,yes
CASE_0594,train,70/15/15,Stockholm-inspired,probable_violation,STO_R02,PCB_stock,storage,Stockholm-inspired__probable_violation,594,0,yes
CASE_0595,train,70/15/15,Stockholm-inspired,no_violation,STO_R04,POP_contaminated_material,treatment,Stockholm-inspired__no_violation,595,0,yes
CASE_0596,train,70/15/15,Basel-inspired,confirmed_violation,BAS_R03,contaminated_sludge,transfer,Basel-inspired__confirmed_violation,596,0,yes
CASE_0598,train,70/15/15,Stockholm-inspired,no_violation,STO_R04,POP_contaminated_material,treatment,Stockholm-inspired__no_violation,598,0,yes
CASE_0599,train,70/15/15,Basel-inspired,confirmed_violation,BAS_R01,hazardous_waste,movement,Basel-inspired__confirmed_violation,599,0,yes
CASE_0600,train,70/15/15,Stockholm-inspired,insufficient_evidence,STO_R01,listed_POP,use,Stockholm-inspired__insufficient_evidence,600,0,yes
CASE_0601,train,70/15/15,Stockholm-inspired,insufficient_evidence,STO_R03,obsolete_pesticide_POP,disposal,Stockholm-inspired__insufficient_evidence,601,0,yes
CASE_0602,train,70/15/15,Stockholm-inspired,confirmed_violation,STO_R05,restricted_flame_retardant,use,Stockholm-inspired__confirmed_violation,602,0,yes
CASE_0604,train,70/15/15,Minamata-inspired,confirmed_violation,MIN_R04,mercury_contaminated_effluent,treatment,Minamata-inspired__confirmed_violation,604,0,yes
CASE_0605,train,70/15/15,Rotterdam-inspired,probable_violation,ROT_R05,listed_formulation,cross_border_sale,Rotterdam-inspired__probable_violation,605,0,yes
CASE_0606,train,70/15/15,Basel-inspired,insufficient_evidence,BAS_R03,contaminated_sludge,transfer,Basel-inspired__insufficient_evidence,606,0,yes
CASE_0608,train,70/15/15,Basel-inspired,confirmed_violation,BAS_R02,waste_solvent,export,Basel-inspired__confirmed_violation,608,0,yes
CASE_0609,train,70/15/15,Stockholm-inspired,confirmed_violation,STO_R02,PCB_stock,storage,Stockholm-inspired__confirmed_violation,609,0,yes
CASE_0610,train,70/15/15,Minamata-inspired,confirmed_violation,MIN_R03,mercury_sludge,storage,Minamata-inspired__confirmed_violation,610,0,yes
CASE_0611,train,70/15/15,Basel-inspired,human_review_required,BAS_R04,e_waste_residue,disposal_transfer,Basel-inspired__human_review_required,611,0,yes
CASE_0612,train,70/15/15,Minamata-inspired,confirmed_violation,MIN_R05,mercury_air_emission,release,Minamata-inspired__confirmed_violation,612,0,yes
CASE_0613,train,70/15/15,Minamata-inspired,human_review_required,MIN_R04,mercury_contaminated_effluent,treatment,Minamata-inspired__human_review_required,613,0,yes
CASE_0616,train,70/15/15,Rotterdam-inspired,confirmed_violation,ROT_R02,hazardous_chemical,cross_border_sale,Rotterdam-inspired__confirmed_violation,616,0,yes
CASE_0618,train,70/15/15,Stockholm-inspired,confirmed_violation,STO_R02,PCB_stock,storage,Stockholm-inspired__confirmed_violation,618,0,yes
CASE_0620,train,70/15/15,Rotterdam-inspired,confirmed_violation,ROT_R01,listed_pesticide,export,Rotterdam-inspired__confirmed_violation,620,0,yes
CASE_0621,train,70/15/15,Minamata-inspired,no_violation,MIN_R05,mercury_air_emission,release,Minamata-inspired__no_violation,621,0,yes
CASE_0622,train,70/15/15,Basel-inspired,no_violation,BAS_R01,hazardous_waste,movement,Basel-inspired__no_violation,622,0,yes
CASE_0623,train,70/15/15,Basel-inspired,confirmed_violation,BAS_R02,waste_solvent,export,Basel-inspired__confirmed_violation,623,0,yes
CASE_0625,train,70/15/15,Montreal-inspired,no_violation,MON_R04,ODS_blend,sale,Montreal-inspired__no_violation,625,0,yes
CASE_0626,train,70/15/15,Montreal-inspired,insufficient_evidence,MON_R01,controlled_ODS,import,Montreal-inspired__insufficient_evidence,626,0,yes
CASE_0627,train,70/15/15,Basel-inspired,confirmed_violation,BAS_R03,contaminated_sludge,transfer,Basel-inspired__confirmed_violation,627,0,yes
CASE_0628,train,70/15/15,Rotterdam-inspired,probable_violation,ROT_R03,industrial_precursor,shipment,Rotterdam-inspired__probable_violation,628,0,yes
CASE_0629,train,70/15/15,Minamata-inspired,human_review_required,MIN_R01,mercury_release,release,Minamata-inspired__human_review_required,629,0,yes
CASE_0630,train,70/15/15,Stockholm-inspired,no_violation,STO_R02,PCB_stock,storage,Stockholm-inspired__no_violation,630,0,yes
CASE_0631,train,70/15/15,Minamata-inspired,confirmed_violation,MIN_R05,mercury_air_emission,release,Minamata-inspired__confirmed_violation,631,0,yes
CASE_0634,train,70/15/15,Rotterdam-inspired,probable_violation,ROT_R04,restricted_solvent,export,Rotterdam-inspired__probable_violation,634,0,yes
CASE_0635,train,70/15/15,Stockholm-inspired,confirmed_violation,STO_R05,restricted_flame_retardant,use,Stockholm-inspired__confirmed_violation,635,0,yes
CASE_0638,train,70/15/15,Minamata-inspired,confirmed_violation,MIN_R05,mercury_air_emission,release,Minamata-inspired__confirmed_violation,638,0,yes
CASE_0640,train,70/15/15,Montreal-inspired,human_review_required,MON_R03,HCFC_batch,use,Montreal-inspired__human_review_required,640,0,yes
CASE_0641,train,70/15/15,Minamata-inspired,no_violation,MIN_R02,mercury_waste,waste_handling,Minamata-inspired__no_violation,641,0,yes
CASE_0642,train,70/15/15,Basel-inspired,no_violation,BAS_R02,waste_solvent,export,Basel-inspired__no_violation,642,0,yes
CASE_0643,train,70/15/15,Stockholm-inspired,insufficient_evidence,STO_R05,restricted_flame_retardant,use,Stockholm-inspired__insufficient_evidence,643,0,yes
CASE_0644,train,70/15/15,Stockholm-inspired,probable_violation,STO_R03,obsolete_pesticide_POP,disposal,Stockholm-inspired__probable_violation,644,0,yes
CASE_0647,train,70/15/15,Montreal-inspired,probable_violation,MON_R05,refrigerant_stock,import,Montreal-inspired__probable_violation,647,0,yes
CASE_0650,train,70/15/15,Stockholm-inspired,confirmed_violation,STO_R02,PCB_stock,storage,Stockholm-inspired__confirmed_violation,650,0,yes
CASE_0651,train,70/15/15,Basel-inspired,human_review_required,BAS_R04,e_waste_residue,disposal_transfer,Basel-inspired__human_review_required,651,0,yes
CASE_0652,train,70/15/15,Montreal-inspired,insufficient_evidence,MON_R04,ODS_blend,sale,Montreal-inspired__insufficient_evidence,652,0,yes
CASE_0656,train,70/15/15,Rotterdam-inspired,probable_violation,ROT_R03,industrial_precursor,shipment,Rotterdam-inspired__probable_violation,656,0,yes
CASE_0657,train,70/15/15,Minamata-inspired,confirmed_violation,MIN_R02,mercury_waste,waste_handling,Minamata-inspired__confirmed_violation,657,0,yes
CASE_0658,train,70/15/15,Stockholm-inspired,confirmed_violation,STO_R01,listed_POP,use,Stockholm-inspired__confirmed_violation,658,0,yes
CASE_0659,train,70/15/15,Montreal-inspired,confirmed_violation,MON_R02,CFC_stock,production,Montreal-inspired__confirmed_violation,659,0,yes
CASE_0660,train,70/15/15,Rotterdam-inspired,probable_violation,ROT_R02,hazardous_chemical,cross_border_sale,Rotterdam-inspired__probable_violation,660,0,yes
CASE_0661,train,70/15/15,Minamata-inspired,no_violation,MIN_R05,mercury_air_emission,release,Minamata-inspired__no_violation,661,0,yes
CASE_0662,train,70/15/15,Montreal-inspired,confirmed_violation,MON_R04,ODS_blend,sale,Montreal-inspired__confirmed_violation,662,0,yes
CASE_0664,train,70/15/15,Basel-inspired,confirmed_violation,BAS_R01,hazardous_waste,movement,Basel-inspired__confirmed_violation,664,0,yes
CASE_0665,train,70/15/15,Minamata-inspired,confirmed_violation,MIN_R05,mercury_air_emission,release,Minamata-inspired__confirmed_violation,665,0,yes
CASE_0666,train,70/15/15,Stockholm-inspired,no_violation,STO_R05,restricted_flame_retardant,use,Stockholm-inspired__no_violation,666,0,yes
CASE_0667,train,70/15/15,Montreal-inspired,probable_violation,MON_R01,controlled_ODS,import,Montreal-inspired__probable_violation,667,0,yes
CASE_0668,train,70/15/15,Stockholm-inspired,confirmed_violation,STO_R02,PCB_stock,storage,Stockholm-inspired__confirmed_violation,668,0,yes
CASE_0669,train,70/15/15,Stockholm-inspired,insufficient_evidence,STO_R04,POP_contaminated_material,treatment,Stockholm-inspired__insufficient_evidence,669,0,yes
CASE_0671,train,70/15/15,Montreal-inspired,no_violation,MON_R01,controlled_ODS,import,Montreal-inspired__no_violation,671,0,yes
CASE_0673,train,70/15/15,Basel-inspired,probable_violation,BAS_R02,waste_solvent,export,Basel-inspired__probable_violation,673,0,yes
CASE_0674,train,70/15/15,Rotterdam-inspired,no_violation,ROT_R04,restricted_solvent,export,Rotterdam-inspired__no_violation,674,0,yes
CASE_0676,train,70/15/15,Minamata-inspired,insufficient_evidence,MIN_R01,mercury_release,release,Minamata-inspired__insufficient_evidence,676,0,yes
CASE_0677,train,70/15/15,Minamata-inspired,probable_violation,MIN_R05,mercury_air_emission,release,Minamata-inspired__probable_violation,677,0,yes
CASE_0678,train,70/15/15,Minamata-inspired,confirmed_violation,MIN_R05,mercury_air_emission,release,Minamata-inspired__confirmed_violation,678,0,yes
CASE_0681,train,70/15/15,Basel-inspired,no_violation,BAS_R01,hazardous_waste,movement,Basel-inspired__no_violation,681,0,yes
CASE_0682,train,70/15/15,Rotterdam-inspired,confirmed_violation,ROT_R05,listed_formulation,cross_border_sale,Rotterdam-inspired__confirmed_violation,682,0,yes
CASE_0683,train,70/15/15,Basel-inspired,no_violation,BAS_R02,waste_solvent,export,Basel-inspired__no_violation,683,0,yes
CASE_0684,train,70/15/15,Minamata-inspired,no_violation,MIN_R05,mercury_air_emission,release,Minamata-inspired__no_violation,684,0,yes
CASE_0685,train,70/15/15,Minamata-inspired,human_review_required,MIN_R04,mercury_contaminated_effluent,treatment,Minamata-inspired__human_review_required,685,0,yes
CASE_0687,train,70/15/15,Montreal-inspired,probable_violation,MON_R01,controlled_ODS,import,Montreal-inspired__probable_violation,687,0,yes
CASE_0688,train,70/15/15,Minamata-inspired,insufficient_evidence,MIN_R05,mercury_air_emission,release,Minamata-inspired__insufficient_evidence,688,0,yes
CASE_0689,train,70/15/15,Stockholm-inspired,human_review_required,STO_R04,POP_contaminated_material,treatment,Stockholm-inspired__human_review_required,689,0,yes
CASE_0691,train,70/15/15,Minamata-inspired,insufficient_evidence,MIN_R03,mercury_sludge,storage,Minamata-inspired__insufficient_evidence,691,0,yes
CASE_0692,train,70/15/15,Minamata-inspired,insufficient_evidence,MIN_R05,mercury_air_emission,release,Minamata-inspired__insufficient_evidence,692,0,yes
CASE_0693,train,70/15/15,Minamata-inspired,probable_violation,MIN_R03,mercury_sludge,storage,Minamata-inspired__probable_violation,693,0,yes
CASE_0694,train,70/15/15,Minamata-inspired,human_review_required,MIN_R04,mercury_contaminated_effluent,treatment,Minamata-inspired__human_review_required,694,0,yes
CASE_0695,train,70/15/15,Rotterdam-inspired,confirmed_violation,ROT_R04,restricted_solvent,export,Rotterdam-inspired__confirmed_violation,695,0,yes
CASE_0696,train,70/15/15,Montreal-inspired,no_violation,MON_R05,refrigerant_stock,import,Montreal-inspired__no_violation,696,0,yes
CASE_0697,train,70/15/15,Montreal-inspired,human_review_required,MON_R03,HCFC_batch,use,Montreal-inspired__human_review_required,697,0,yes
CASE_0699,train,70/15/15,Rotterdam-inspired,confirmed_violation,ROT_R03,industrial_precursor,shipment,Rotterdam-inspired__confirmed_violation,699,0,yes
CASE_0700,train,70/15/15,Stockholm-inspired,no_violation,STO_R03,obsolete_pesticide_POP,disposal,Stockholm-inspired__no_violation,700,0,yes
CASE_0701,train,70/15/15,Montreal-inspired,confirmed_violation,MON_R03,HCFC_batch,use,Montreal-inspired__confirmed_violation,701,0,yes
CASE_0703,train,70/15/15,Stockholm-inspired,probable_violation,STO_R04,POP_contaminated_material,treatment,Stockholm-inspired__probable_violation,703,0,yes
CASE_0704,train,70/15/15,Montreal-inspired,probable_violation,MON_R05,refrigerant_stock,import,Montreal-inspired__probable_violation,704,0,yes
CASE_0705,train,70/15/15,Rotterdam-inspired,no_violation,ROT_R02,hazardous_chemical,cross_border_sale,Rotterdam-inspired__no_violation,705,0,yes
CASE_0706,train,70/15/15,Rotterdam-inspired,confirmed_violation,ROT_R04,restricted_solvent,export,Rotterdam-inspired__confirmed_violation,706,0,yes
CASE_0707,train,70/15/15,Basel-inspired,no_violation,BAS_R01,hazardous_waste,movement,Basel-inspired__no_violation,707,0,yes
CASE_0708,train,70/15/15,Montreal-inspired,confirmed_violation,MON_R03,HCFC_batch,use,Montreal-inspired__confirmed_violation,708,0,yes
CASE_0710,train,70/15/15,Montreal-inspired,insufficient_evidence,MON_R04,ODS_blend,sale,Montreal-inspired__insufficient_evidence,710,0,yes
CASE_0711,train,70/15/15,Rotterdam-inspired,confirmed_violation,ROT_R03,industrial_precursor,shipment,Rotterdam-inspired__confirmed_violation,711,0,yes
CASE_0713,train,70/15/15,Stockholm-inspired,probable_violation,STO_R02,PCB_stock,storage,Stockholm-inspired__probable_violation,713,0,yes
CASE_0714,train,70/15/15,Minamata-inspired,probable_violation,MIN_R03,mercury_sludge,storage,Minamata-inspired__probable_violation,714,0,yes
CASE_0715,train,70/15/15,Stockholm-inspired,no_violation,STO_R04,POP_contaminated_material,treatment,Stockholm-inspired__no_violation,715,0,yes
CASE_0716,train,70/15/15,Rotterdam-inspired,no_violation,ROT_R02,hazardous_chemical,cross_border_sale,Rotterdam-inspired__no_violation,716,0,yes
CASE_0717,train,70/15/15,Basel-inspired,insufficient_evidence,BAS_R05,spent_acid,movement,Basel-inspired__insufficient_evidence,717,0,yes
CASE_0718,train,70/15/15,Rotterdam-inspired,confirmed_violation,ROT_R05,listed_formulation,cross_border_sale,Rotterdam-inspired__confirmed_violation,718,0,yes
CASE_0719,train,70/15/15,Stockholm-inspired,no_violation,STO_R03,obsolete_pesticide_POP,disposal,Stockholm-inspired__no_violation,719,0,yes
CASE_0721,train,70/15/15,Basel-inspired,probable_violation,BAS_R02,waste_solvent,export,Basel-inspired__probable_violation,721,0,yes
CASE_0723,train,70/15/15,Rotterdam-inspired,human_review_required,ROT_R01,listed_pesticide,export,Rotterdam-inspired__human_review_required,723,0,yes
CASE_0724,train,70/15/15,Stockholm-inspired,probable_violation,STO_R05,restricted_flame_retardant,use,Stockholm-inspired__probable_violation,724,0,yes
CASE_0727,train,70/15/15,Minamata-inspired,probable_violation,MIN_R05,mercury_air_emission,release,Minamata-inspired__probable_violation,727,0,yes
CASE_0728,train,70/15/15,Stockholm-inspired,confirmed_violation,STO_R03,obsolete_pesticide_POP,disposal,Stockholm-inspired__confirmed_violation,728,0,yes
CASE_0730,train,70/15/15,Stockholm-inspired,human_review_required,STO_R05,restricted_flame_retardant,use,Stockholm-inspired__human_review_required,730,0,yes
CASE_0732,train,70/15/15,Montreal-inspired,probable_violation,MON_R04,ODS_blend,sale,Montreal-inspired__probable_violation,732,0,yes
CASE_0733,train,70/15/15,Rotterdam-inspired,probable_violation,ROT_R04,restricted_solvent,export,Rotterdam-inspired__probable_violation,733,0,yes
CASE_0734,train,70/15/15,Basel-inspired,insufficient_evidence,BAS_R02,waste_solvent,export,Basel-inspired__insufficient_evidence,734,0,yes
CASE_0735,train,70/15/15,Stockholm-inspired,confirmed_violation,STO_R02,PCB_stock,storage,Stockholm-inspired__confirmed_violation,735,0,yes
CASE_0736,train,70/15/15,Stockholm-inspired,insufficient_evidence,STO_R05,restricted_flame_retardant,use,Stockholm-inspired__insufficient_evidence,736,0,yes
CASE_0737,train,70/15/15,Basel-inspired,no_violation,BAS_R04,e_waste_residue,disposal_transfer,Basel-inspired__no_violation,737,0,yes
CASE_0741,train,70/15/15,Montreal-inspired,insufficient_evidence,MON_R02,CFC_stock,production,Montreal-inspired__insufficient_evidence,741,0,yes
CASE_0742,train,70/15/15,Minamata-inspired,human_review_required,MIN_R05,mercury_air_emission,release,Minamata-inspired__human_review_required,742,0,yes
CASE_0743,train,70/15/15,Stockholm-inspired,insufficient_evidence,STO_R01,listed_POP,use,Stockholm-inspired__insufficient_evidence,743,0,yes
CASE_0745,train,70/15/15,Montreal-inspired,no_violation,MON_R02,CFC_stock,production,Montreal-inspired__no_violation,745,0,yes
CASE_0747,train,70/15/15,Montreal-inspired,probable_violation,MON_R03,HCFC_batch,use,Montreal-inspired__probable_violation,747,0,yes
CASE_0748,train,70/15/15,Montreal-inspired,insufficient_evidence,MON_R03,HCFC_batch,use,Montreal-inspired__insufficient_evidence,748,0,yes
CASE_0750,train,70/15/15,Stockholm-inspired,no_violation,STO_R02,PCB_stock,storage,Stockholm-inspired__no_violation,750,0,yes
CASE_0751,train,70/15/15,Stockholm-inspired,insufficient_evidence,STO_R02,PCB_stock,storage,Stockholm-inspired__insufficient_evidence,751,0,yes
CASE_0752,train,70/15/15,Stockholm-inspired,probable_violation,STO_R03,obsolete_pesticide_POP,disposal,Stockholm-inspired__probable_violation,752,0,yes
CASE_0753,train,70/15/15,Rotterdam-inspired,probable_violation,ROT_R01,listed_pesticide,export,Rotterdam-inspired__probable_violation,753,0,yes
CASE_0757,train,70/15/15,Montreal-inspired,confirmed_violation,MON_R05,refrigerant_stock,import,Montreal-inspired__confirmed_violation,757,0,yes
CASE_0758,train,70/15/15,Rotterdam-inspired,confirmed_violation,ROT_R03,industrial_precursor,shipment,Rotterdam-inspired__confirmed_violation,758,0,yes
CASE_0759,train,70/15/15,Rotterdam-inspired,confirmed_violation,ROT_R02,hazardous_chemical,cross_border_sale,Rotterdam-inspired__confirmed_violation,759,0,yes
CASE_0761,train,70/15/15,Montreal-inspired,insufficient_evidence,MON_R04,ODS_blend,sale,Montreal-inspired__insufficient_evidence,761,0,yes
CASE_0762,train,70/15/15,Minamata-inspired,confirmed_violation,MIN_R04,mercury_contaminated_effluent,treatment,Minamata-inspired__confirmed_violation,762,0,yes
CASE_0763,train,70/15/15,Stockholm-inspired,insufficient_evidence,STO_R02,PCB_stock,storage,Stockholm-inspired__insufficient_evidence,763,0,yes
CASE_0767,train,70/15/15,Minamata-inspired,confirmed_violation,MIN_R05,mercury_air_emission,release,Minamata-inspired__confirmed_violation,767,0,yes
CASE_0768,train,70/15/15,Basel-inspired,confirmed_violation,BAS_R01,hazardous_waste,movement,Basel-inspired__confirmed_violation,768,0,yes
CASE_0769,train,70/15/15,Minamata-inspired,human_review_required,MIN_R03,mercury_sludge,storage,Minamata-inspired__human_review_required,769,0,yes
CASE_0770,train,70/15/15,Basel-inspired,human_review_required,BAS_R04,e_waste_residue,disposal_transfer,Basel-inspired__human_review_required,770,0,yes
CASE_0771,train,70/15/15,Montreal-inspired,insufficient_evidence,MON_R02,CFC_stock,production,Montreal-inspired__insufficient_evidence,771,0,yes
CASE_0773,train,70/15/15,Minamata-inspired,no_violation,MIN_R04,mercury_contaminated_effluent,treatment,Minamata-inspired__no_violation,773,0,yes
CASE_0774,train,70/15/15,Montreal-inspired,insufficient_evidence,MON_R02,CFC_stock,production,Montreal-inspired__insufficient_evidence,774,0,yes
CASE_0775,train,70/15/15,Montreal-inspired,no_violation,MON_R03,HCFC_batch,use,Montreal-inspired__no_violation,775,0,yes
CASE_0777,train,70/15/15,Basel-inspired,confirmed_violation,BAS_R01,hazardous_waste,movement,Basel-inspired__confirmed_violation,777,0,yes
CASE_0779,train,70/15/15,Minamata-inspired,probable_violation,MIN_R05,mercury_air_emission,release,Minamata-inspired__probable_violation,779,0,yes
CASE_0780,train,70/15/15,Montreal-inspired,no_violation,MON_R05,refrigerant_stock,import,Montreal-inspired__no_violation,780,0,yes
CASE_0781,train,70/15/15,Montreal-inspired,human_review_required,MON_R04,ODS_blend,sale,Montreal-inspired__human_review_required,781,0,yes
CASE_0782,train,70/15/15,Rotterdam-inspired,insufficient_evidence,ROT_R02,hazardous_chemical,cross_border_sale,Rotterdam-inspired__insufficient_evidence,782,0,yes
CASE_0783,train,70/15/15,Montreal-inspired,insufficient_evidence,MON_R02,CFC_stock,production,Montreal-inspired__insufficient_evidence,783,0,yes
CASE_0784,train,70/15/15,Rotterdam-inspired,probable_violation,ROT_R04,restricted_solvent,export,Rotterdam-inspired__probable_violation,784,0,yes
CASE_0785,train,70/15/15,Stockholm-inspired,insufficient_evidence,STO_R03,obsolete_pesticide_POP,disposal,Stockholm-inspired__insufficient_evidence,785,0,yes
CASE_0787,train,70/15/15,Montreal-inspired,human_review_required,MON_R04,ODS_blend,sale,Montreal-inspired__human_review_required,787,0,yes
CASE_0788,train,70/15/15,Basel-inspired,insufficient_evidence,BAS_R01,hazardous_waste,movement,Basel-inspired__insufficient_evidence,788,0,yes
CASE_0789,train,70/15/15,Minamata-inspired,human_review_required,MIN_R03,mercury_sludge,storage,Minamata-inspired__human_review_required,789,0,yes
CASE_0791,train,70/15/15,Rotterdam-inspired,confirmed_violation,ROT_R03,industrial_precursor,shipment,Rotterdam-inspired__confirmed_violation,791,0,yes
CASE_0792,train,70/15/15,Minamata-inspired,probable_violation,MIN_R03,mercury_sludge,storage,Minamata-inspired__probable_violation,792,0,yes
CASE_0794,train,70/15/15,Basel-inspired,confirmed_violation,BAS_R05,spent_acid,movement,Basel-inspired__confirmed_violation,794,0,yes
CASE_0795,train,70/15/15,Minamata-inspired,human_review_required,MIN_R01,mercury_release,release,Minamata-inspired__human_review_required,795,0,yes
CASE_0797,train,70/15/15,Basel-inspired,probable_violation,BAS_R01,hazardous_waste,movement,Basel-inspired__probable_violation,797,0,yes
CASE_0798,train,70/15/15,Basel-inspired,insufficient_evidence,BAS_R05,spent_acid,movement,Basel-inspired__insufficient_evidence,798,0,yes
CASE_0799,train,70/15/15,Basel-inspired,probable_violation,BAS_R04,e_waste_residue,disposal_transfer,Basel-inspired__probable_violation,799,0,yes
CASE_0800,train,70/15/15,Basel-inspired,confirmed_violation,BAS_R05,spent_acid,movement,Basel-inspired__confirmed_violation,800,0,yes
CASE_0801,train,70/15/15,Minamata-inspired,insufficient_evidence,MIN_R04,mercury_contaminated_effluent,treatment,Minamata-inspired__insufficient_evidence,801,0,yes
CASE_0802,train,70/15/15,Minamata-inspired,human_review_required,MIN_R02,mercury_waste,waste_handling,Minamata-inspired__human_review_required,802,0,yes
CASE_0803,train,70/15/15,Minamata-inspired,probable_violation,MIN_R05,mercury_air_emission,release,Minamata-inspired__probable_violation,803,0,yes
CASE_0804,train,70/15/15,Basel-inspired,human_review_required,BAS_R05,spent_acid,movement,Basel-inspired__human_review_required,804,0,yes
CASE_0805,train,70/15/15,Minamata-inspired,insufficient_evidence,MIN_R01,mercury_release,release,Minamata-inspired__insufficient_evidence,805,0,yes
CASE_0806,train,70/15/15,Basel-inspired,human_review_required,BAS_R04,e_waste_residue,disposal_transfer,Basel-inspired__human_review_required,806,0,yes
CASE_0807,train,70/15/15,Rotterdam-inspired,probable_violation,ROT_R01,listed_pesticide,export,Rotterdam-inspired__probable_violation,807,0,yes
CASE_0808,train,70/15/15,Stockholm-inspired,probable_violation,STO_R01,listed_POP,use,Stockholm-inspired__probable_violation,808,0,yes
CASE_0809,train,70/15/15,Rotterdam-inspired,no_violation,ROT_R03,industrial_precursor,shipment,Rotterdam-inspired__no_violation,809,0,yes
CASE_0810,train,70/15/15,Minamata-inspired,insufficient_evidence,MIN_R04,mercury_contaminated_effluent,treatment,Minamata-inspired__insufficient_evidence,810,0,yes
CASE_0811,train,70/15/15,Minamata-inspired,confirmed_violation,MIN_R01,mercury_release,release,Minamata-inspired__confirmed_violation,811,0,yes
CASE_0814,train,70/15/15,Minamata-inspired,probable_violation,MIN_R03,mercury_sludge,storage,Minamata-inspired__probable_violation,814,0,yes
CASE_0815,train,70/15/15,Stockholm-inspired,insufficient_evidence,STO_R04,POP_contaminated_material,treatment,Stockholm-inspired__insufficient_evidence,815,0,yes
CASE_0816,train,70/15/15,Rotterdam-inspired,confirmed_violation,ROT_R04,restricted_solvent,export,Rotterdam-inspired__confirmed_violation,816,0,yes
CASE_0817,train,70/15/15,Rotterdam-inspired,insufficient_evidence,ROT_R03,industrial_precursor,shipment,Rotterdam-inspired__insufficient_evidence,817,0,yes
CASE_0820,train,70/15/15,Montreal-inspired,probable_violation,MON_R05,refrigerant_stock,import,Montreal-inspired__probable_violation,820,0,yes
CASE_0821,train,70/15/15,Minamata-inspired,no_violation,MIN_R02,mercury_waste,waste_handling,Minamata-inspired__no_violation,821,0,yes
CASE_0823,train,70/15/15,Minamata-inspired,probable_violation,MIN_R02,mercury_waste,waste_handling,Minamata-inspired__probable_violation,823,0,yes
CASE_0824,train,70/15/15,Minamata-inspired,insufficient_evidence,MIN_R02,mercury_waste,waste_handling,Minamata-inspired__insufficient_evidence,824,0,yes
CASE_0826,train,70/15/15,Minamata-inspired,probable_violation,MIN_R05,mercury_air_emission,release,Minamata-inspired__probable_violation,826,0,yes
CASE_0827,train,70/15/15,Basel-inspired,confirmed_violation,BAS_R01,hazardous_waste,movement,Basel-inspired__confirmed_violation,827,0,yes
CASE_0830,train,70/15/15,Rotterdam-inspired,confirmed_violation,ROT_R02,hazardous_chemical,cross_border_sale,Rotterdam-inspired__confirmed_violation,830,0,yes
CASE_0831,train,70/15/15,Minamata-inspired,insufficient_evidence,MIN_R02,mercury_waste,waste_handling,Minamata-inspired__insufficient_evidence,831,0,yes
CASE_0833,train,70/15/15,Stockholm-inspired,no_violation,STO_R05,restricted_flame_retardant,use,Stockholm-inspired__no_violation,833,0,yes
CASE_0834,train,70/15/15,Basel-inspired,probable_violation,BAS_R05,spent_acid,movement,Basel-inspired__probable_violation,834,0,yes
CASE_0837,train,70/15/15,Basel-inspired,confirmed_violation,BAS_R01,hazardous_waste,movement,Basel-inspired__confirmed_violation,837,0,yes
CASE_0838,train,70/15/15,Basel-inspired,confirmed_violation,BAS_R02,waste_solvent,export,Basel-inspired__confirmed_violation,838,0,yes
CASE_0841,train,70/15/15,Montreal-inspired,confirmed_violation,MON_R02,CFC_stock,production,Montreal-inspired__confirmed_violation,841,0,yes
CASE_0842,train,70/15/15,Stockholm-inspired,probable_violation,STO_R04,POP_contaminated_material,treatment,Stockholm-inspired__probable_violation,842,0,yes
CASE_0843,train,70/15/15,Minamata-inspired,probable_violation,MIN_R01,mercury_release,release,Minamata-inspired__probable_violation,843,0,yes
CASE_0844,train,70/15/15,Minamata-inspired,probable_violation,MIN_R05,mercury_air_emission,release,Minamata-inspired__probable_violation,844,0,yes
CASE_0846,train,70/15/15,Minamata-inspired,insufficient_evidence,MIN_R02,mercury_waste,waste_handling,Minamata-inspired__insufficient_evidence,846,0,yes
CASE_0849,train,70/15/15,Minamata-inspired,probable_violation,MIN_R01,mercury_release,release,Minamata-inspired__probable_violation,849,0,yes
CASE_0850,train,70/15/15,Minamata-inspired,probable_violation,MIN_R02,mercury_waste,waste_handling,Minamata-inspired__probable_violation,850,0,yes
CASE_0851,train,70/15/15,Montreal-inspired,probable_violation,MON_R03,HCFC_batch,use,Montreal-inspired__probable_violation,851,0,yes
CASE_0852,train,70/15/15,Minamata-inspired,confirmed_violation,MIN_R04,mercury_contaminated_effluent,treatment,Minamata-inspired__confirmed_violation,852,0,yes
CASE_0853,train,70/15/15,Rotterdam-inspired,no_violation,ROT_R04,restricted_solvent,export,Rotterdam-inspired__no_violation,853,0,yes
CASE_0854,train,70/15/15,Basel-inspired,probable_violation,BAS_R02,waste_solvent,export,Basel-inspired__probable_violation,854,0,yes
CASE_0858,train,70/15/15,Rotterdam-inspired,confirmed_violation,ROT_R04,restricted_solvent,export,Rotterdam-inspired__confirmed_violation,858,0,yes
CASE_0859,train,70/15/15,Rotterdam-inspired,no_violation,ROT_R02,hazardous_chemical,cross_border_sale,Rotterdam-inspired__no_violation,859,0,yes
CASE_0860,train,70/15/15,Minamata-inspired,confirmed_violation,MIN_R04,mercury_contaminated_effluent,treatment,Minamata-inspired__confirmed_violation,860,0,yes
CASE_0861,train,70/15/15,Basel-inspired,probable_violation,BAS_R03,contaminated_sludge,transfer,Basel-inspired__probable_violation,861,0,yes
CASE_0862,train,70/15/15,Basel-inspired,human_review_required,BAS_R05,spent_acid,movement,Basel-inspired__human_review_required,862,0,yes
CASE_0863,train,70/15/15,Rotterdam-inspired,no_violation,ROT_R01,listed_pesticide,export,Rotterdam-inspired__no_violation,863,0,yes
CASE_0867,train,70/15/15,Minamata-inspired,human_review_required,MIN_R01,mercury_release,release,Minamata-inspired__human_review_required,867,0,yes
CASE_0869,train,70/15/15,Rotterdam-inspired,probable_violation,ROT_R04,restricted_solvent,export,Rotterdam-inspired__probable_violation,869,0,yes
CASE_0870,train,70/15/15,Montreal-inspired,confirmed_violation,MON_R01,controlled_ODS,import,Montreal-inspired__confirmed_violation,870,0,yes
CASE_0871,train,70/15/15,Stockholm-inspired,insufficient_evidence,STO_R03,obsolete_pesticide_POP,disposal,Stockholm-inspired__insufficient_evidence,871,0,yes
CASE_0872,train,70/15/15,Rotterdam-inspired,confirmed_violation,ROT_R03,industrial_precursor,shipment,Rotterdam-inspired__confirmed_violation,872,0,yes
CASE_0873,train,70/15/15,Montreal-inspired,human_review_required,MON_R01,controlled_ODS,import,Montreal-inspired__human_review_required,873,0,yes
CASE_0874,train,70/15/15,Basel-inspired,probable_violation,BAS_R03,contaminated_sludge,transfer,Basel-inspired__probable_violation,874,0,yes
CASE_0875,train,70/15/15,Rotterdam-inspired,no_violation,ROT_R05,listed_formulation,cross_border_sale,Rotterdam-inspired__no_violation,875,0,yes
CASE_0876,train,70/15/15,Stockholm-inspired,human_review_required,STO_R04,POP_contaminated_material,treatment,Stockholm-inspired__human_review_required,876,0,yes
CASE_0877,train,70/15/15,Basel-inspired,human_review_required,BAS_R03,contaminated_sludge,transfer,Basel-inspired__human_review_required,877,0,yes
CASE_0878,train,70/15/15,Minamata-inspired,no_violation,MIN_R05,mercury_air_emission,release,Minamata-inspired__no_violation,878,0,yes
CASE_0880,train,70/15/15,Basel-inspired,confirmed_violation,BAS_R03,contaminated_sludge,transfer,Basel-inspired__confirmed_violation,880,0,yes
CASE_0881,train,70/15/15,Rotterdam-inspired,confirmed_violation,ROT_R03,industrial_precursor,shipment,Rotterdam-inspired__confirmed_violation,881,0,yes
CASE_0882,train,70/15/15,Montreal-inspired,no_violation,MON_R03,HCFC_batch,use,Montreal-inspired__no_violation,882,0,yes
CASE_0883,train,70/15/15,Minamata-inspired,no_violation,MIN_R03,mercury_sludge,storage,Minamata-inspired__no_violation,883,0,yes
CASE_0884,train,70/15/15,Rotterdam-inspired,insufficient_evidence,ROT_R03,industrial_precursor,shipment,Rotterdam-inspired__insufficient_evidence,884,0,yes
CASE_0885,train,70/15/15,Montreal-inspired,human_review_required,MON_R02,CFC_stock,production,Montreal-inspired__human_review_required,885,0,yes
CASE_0886,train,70/15/15,Basel-inspired,probable_violation,BAS_R01,hazardous_waste,movement,Basel-inspired__probable_violation,886,0,yes
CASE_0887,train,70/15/15,Montreal-inspired,insufficient_evidence,MON_R05,refrigerant_stock,import,Montreal-inspired__insufficient_evidence,887,0,yes
CASE_0888,train,70/15/15,Montreal-inspired,no_violation,MON_R05,refrigerant_stock,import,Montreal-inspired__no_violation,888,0,yes
CASE_0889,train,70/15/15,Montreal-inspired,no_violation,MON_R01,controlled_ODS,import,Montreal-inspired__no_violation,889,0,yes
CASE_0893,train,70/15/15,Minamata-inspired,insufficient_evidence,MIN_R04,mercury_contaminated_effluent,treatment,Minamata-inspired__insufficient_evidence,893,0,yes
CASE_0894,train,70/15/15,Basel-inspired,confirmed_violation,BAS_R02,waste_solvent,export,Basel-inspired__confirmed_violation,894,0,yes
CASE_0896,train,70/15/15,Rotterdam-inspired,probable_violation,ROT_R03,industrial_precursor,shipment,Rotterdam-inspired__probable_violation,896,0,yes
CASE_0897,train,70/15/15,Montreal-inspired,confirmed_violation,MON_R05,refrigerant_stock,import,Montreal-inspired__confirmed_violation,897,0,yes
CASE_0901,train,70/15/15,Basel-inspired,confirmed_violation,BAS_R04,e_waste_residue,disposal_transfer,Basel-inspired__confirmed_violation,901,0,yes
CASE_0902,train,70/15/15,Montreal-inspired,no_violation,MON_R02,CFC_stock,production,Montreal-inspired__no_violation,902,0,yes
CASE_0903,train,70/15/15,Stockholm-inspired,confirmed_violation,STO_R02,PCB_stock,storage,Stockholm-inspired__confirmed_violation,903,0,yes
CASE_0904,train,70/15/15,Rotterdam-inspired,no_violation,ROT_R05,listed_formulation,cross_border_sale,Rotterdam-inspired__no_violation,904,0,yes
CASE_0905,train,70/15/15,Minamata-inspired,human_review_required,MIN_R01,mercury_release,release,Minamata-inspired__human_review_required,905,0,yes
CASE_0908,train,70/15/15,Rotterdam-inspired,no_violation,ROT_R04,restricted_solvent,export,Rotterdam-inspired__no_violation,908,0,yes
CASE_0909,train,70/15/15,Basel-inspired,probable_violation,BAS_R04,e_waste_residue,disposal_transfer,Basel-inspired__probable_violation,909,0,yes
CASE_0910,train,70/15/15,Stockholm-inspired,no_violation,STO_R02,PCB_stock,storage,Stockholm-inspired__no_violation,910,0,yes
CASE_0911,train,70/15/15,Rotterdam-inspired,no_violation,ROT_R02,hazardous_chemical,cross_border_sale,Rotterdam-inspired__no_violation,911,0,yes
CASE_0912,train,70/15/15,Rotterdam-inspired,insufficient_evidence,ROT_R01,listed_pesticide,export,Rotterdam-inspired__insufficient_evidence,912,0,yes
CASE_0914,train,70/15/15,Rotterdam-inspired,confirmed_violation,ROT_R04,restricted_solvent,export,Rotterdam-inspired__confirmed_violation,914,0,yes
CASE_0915,train,70/15/15,Minamata-inspired,probable_violation,MIN_R02,mercury_waste,waste_handling,Minamata-inspired__probable_violation,915,0,yes
CASE_0916,train,70/15/15,Basel-inspired,confirmed_violation,BAS_R03,contaminated_sludge,transfer,Basel-inspired__confirmed_violation,916,0,yes
CASE_0917,train,70/15/15,Minamata-inspired,probable_violation,MIN_R04,mercury_contaminated_effluent,treatment,Minamata-inspired__probable_violation,917,0,yes
CASE_0919,train,70/15/15,Minamata-inspired,human_review_required,MIN_R02,mercury_waste,waste_handling,Minamata-inspired__human_review_required,919,0,yes
CASE_0920,train,70/15/15,Rotterdam-inspired,human_review_required,ROT_R02,hazardous_chemical,cross_border_sale,Rotterdam-inspired__human_review_required,920,0,yes
CASE_0922,train,70/15/15,Minamata-inspired,confirmed_violation,MIN_R05,mercury_air_emission,release,Minamata-inspired__confirmed_violation,922,0,yes
CASE_0923,train,70/15/15,Basel-inspired,no_violation,BAS_R01,hazardous_waste,movement,Basel-inspired__no_violation,923,0,yes
CASE_0925,train,70/15/15,Montreal-inspired,human_review_required,MON_R02,CFC_stock,production,Montreal-inspired__human_review_required,925,0,yes
CASE_0926,train,70/15/15,Montreal-inspired,human_review_required,MON_R05,refrigerant_stock,import,Montreal-inspired__human_review_required,926,0,yes
CASE_0927,train,70/15/15,Montreal-inspired,no_violation,MON_R01,controlled_ODS,import,Montreal-inspired__no_violation,927,0,yes
CASE_0929,train,70/15/15,Montreal-inspired,confirmed_violation,MON_R03,HCFC_batch,use,Montreal-inspired__confirmed_violation,929,0,yes
CASE_0930,train,70/15/15,Basel-inspired,no_violation,BAS_R05,spent_acid,movement,Basel-inspired__no_violation,930,0,yes
CASE_0931,train,70/15/15,Minamata-inspired,probable_violation,MIN_R05,mercury_air_emission,release,Minamata-inspired__probable_violation,931,0,yes
CASE_0933,train,70/15/15,Montreal-inspired,confirmed_violation,MON_R05,refrigerant_stock,import,Montreal-inspired__confirmed_violation,933,0,yes
CASE_0934,train,70/15/15,Rotterdam-inspired,probable_violation,ROT_R02,hazardous_chemical,cross_border_sale,Rotterdam-inspired__probable_violation,934,0,yes
CASE_0935,train,70/15/15,Montreal-inspired,insufficient_evidence,MON_R05,refrigerant_stock,import,Montreal-inspired__insufficient_evidence,935,0,yes
CASE_0936,train,70/15/15,Basel-inspired,no_violation,BAS_R05,spent_acid,movement,Basel-inspired__no_violation,936,0,yes
CASE_0937,train,70/15/15,Basel-inspired,no_violation,BAS_R03,contaminated_sludge,transfer,Basel-inspired__no_violation,937,0,yes
CASE_0938,train,70/15/15,Rotterdam-inspired,confirmed_violation,ROT_R04,restricted_solvent,export,Rotterdam-inspired__confirmed_violation,938,0,yes
CASE_0939,train,70/15/15,Rotterdam-inspired,no_violation,ROT_R01,listed_pesticide,export,Rotterdam-inspired__no_violation,939,0,yes
CASE_0940,train,70/15/15,Stockholm-inspired,no_violation,STO_R03,obsolete_pesticide_POP,disposal,Stockholm-inspired__no_violation,940,0,yes
CASE_0942,train,70/15/15,Montreal-inspired,insufficient_evidence,MON_R02,CFC_stock,production,Montreal-inspired__insufficient_evidence,942,0,yes
CASE_0943,train,70/15/15,Rotterdam-inspired,confirmed_violation,ROT_R01,listed_pesticide,export,Rotterdam-inspired__confirmed_violation,943,0,yes
CASE_0944,train,70/15/15,Rotterdam-inspired,no_violation,ROT_R01,listed_pesticide,export,Rotterdam-inspired__no_violation,944,0,yes
CASE_0946,train,70/15/15,Montreal-inspired,insufficient_evidence,MON_R05,refrigerant_stock,import,Montreal-inspired__insufficient_evidence,946,0,yes
CASE_0947,train,70/15/15,Montreal-inspired,human_review_required,MON_R01,controlled_ODS,import,Montreal-inspired__human_review_required,947,0,yes
CASE_0948,train,70/15/15,Basel-inspired,no_violation,BAS_R03,contaminated_sludge,transfer,Basel-inspired__no_violation,948,0,yes
CASE_0949,train,70/15/15,Basel-inspired,human_review_required,BAS_R02,waste_solvent,export,Basel-inspired__human_review_required,949,0,yes
CASE_0950,train,70/15/15,Rotterdam-inspired,probable_violation,ROT_R03,industrial_precursor,shipment,Rotterdam-inspired__probable_violation,950,0,yes
CASE_0951,train,70/15/15,Stockholm-inspired,confirmed_violation,STO_R02,PCB_stock,storage,Stockholm-inspired__confirmed_violation,951,0,yes
CASE_0953,train,70/15/15,Minamata-inspired,insufficient_evidence,MIN_R02,mercury_waste,waste_handling,Minamata-inspired__insufficient_evidence,953,0,yes
CASE_0954,train,70/15/15,Montreal-inspired,confirmed_violation,MON_R01,controlled_ODS,import,Montreal-inspired__confirmed_violation,954,0,yes
CASE_0955,train,70/15/15,Basel-inspired,human_review_required,BAS_R03,contaminated_sludge,transfer,Basel-inspired__human_review_required,955,0,yes
CASE_0956,train,70/15/15,Rotterdam-inspired,no_violation,ROT_R05,listed_formulation,cross_border_sale,Rotterdam-inspired__no_violation,956,0,yes
CASE_0957,train,70/15/15,Montreal-inspired,probable_violation,MON_R05,refrigerant_stock,import,Montreal-inspired__probable_violation,957,0,yes
CASE_0959,train,70/15/15,Montreal-inspired,confirmed_violation,MON_R02,CFC_stock,production,Montreal-inspired__confirmed_violation,959,0,yes
CASE_0960,train,70/15/15,Basel-inspired,confirmed_violation,BAS_R05,spent_acid,movement,Basel-inspired__confirmed_violation,960,0,yes
CASE_0961,train,70/15/15,Montreal-inspired,probable_violation,MON_R05,refrigerant_stock,import,Montreal-inspired__probable_violation,961,0,yes
CASE_0963,train,70/15/15,Basel-inspired,probable_violation,BAS_R02,waste_solvent,export,Basel-inspired__probable_violation,963,0,yes
CASE_0965,train,70/15/15,Rotterdam-inspired,confirmed_violation,ROT_R05,listed_formulation,cross_border_sale,Rotterdam-inspired__confirmed_violation,965,0,yes
CASE_0966,train,70/15/15,Minamata-inspired,no_violation,MIN_R01,mercury_release,release,Minamata-inspired__no_violation,966,0,yes
CASE_0967,train,70/15/15,Minamata-inspired,probable_violation,MIN_R03,mercury_sludge,storage,Minamata-inspired__probable_violation,967,0,yes
CASE_0968,train,70/15/15,Montreal-inspired,confirmed_violation,MON_R02,CFC_stock,production,Montreal-inspired__confirmed_violation,968,0,yes
CASE_0969,train,70/15/15,Minamata-inspired,no_violation,MIN_R05,mercury_air_emission,release,Minamata-inspired__no_violation,969,0,yes
CASE_0970,train,70/15/15,Stockholm-inspired,insufficient_evidence,STO_R01,listed_POP,use,Stockholm-inspired__insufficient_evidence,970,0,yes
CASE_0971,train,70/15/15,Stockholm-inspired,probable_violation,STO_R01,listed_POP,use,Stockholm-inspired__probable_violation,971,0,yes
CASE_0972,train,70/15/15,Minamata-inspired,insufficient_evidence,MIN_R02,mercury_waste,waste_handling,Minamata-inspired__insufficient_evidence,972,0,yes
CASE_0973,train,70/15/15,Basel-inspired,probable_violation,BAS_R05,spent_acid,movement,Basel-inspired__probable_violation,973,0,yes
CASE_0974,train,70/15/15,Basel-inspired,confirmed_violation,BAS_R04,e_waste_residue,disposal_transfer,Basel-inspired__confirmed_violation,974,0,yes
CASE_0975,train,70/15/15,Stockholm-inspired,no_violation,STO_R03,obsolete_pesticide_POP,disposal,Stockholm-inspired__no_violation,975,0,yes
CASE_0976,train,70/15/15,Montreal-inspired,insufficient_evidence,MON_R04,ODS_blend,sale,Montreal-inspired__insufficient_evidence,976,0,yes
CASE_0977,train,70/15/15,Basel-inspired,insufficient_evidence,BAS_R01,hazardous_waste,movement,Basel-inspired__insufficient_evidence,977,0,yes
CASE_0979,train,70/15/15,Stockholm-inspired,no_violation,STO_R04,POP_contaminated_material,treatment,Stockholm-inspired__no_violation,979,0,yes
CASE_0982,train,70/15/15,Basel-inspired,probable_violation,BAS_R03,contaminated_sludge,transfer,Basel-inspired__probable_violation,982,0,yes
CASE_0983,train,70/15/15,Stockholm-inspired,human_review_required,STO_R03,obsolete_pesticide_POP,disposal,Stockholm-inspired__human_review_required,983,0,yes
CASE_0987,train,70/15/15,Minamata-inspired,human_review_required,MIN_R02,mercury_waste,waste_handling,Minamata-inspired__human_review_required,987,0,yes
CASE_0988,train,70/15/15,Stockholm-inspired,confirmed_violation,STO_R04,POP_contaminated_material,treatment,Stockholm-inspired__confirmed_violation,988,0,yes
CASE_0989,train,70/15/15,Montreal-inspired,confirmed_violation,MON_R05,refrigerant_stock,import,Montreal-inspired__confirmed_violation,989,0,yes
CASE_0990,train,70/15/15,Minamata-inspired,confirmed_violation,MIN_R04,mercury_contaminated_effluent,treatment,Minamata-inspired__confirmed_violation,990,0,yes
CASE_0991,train,70/15/15,Stockholm-inspired,confirmed_violation,STO_R01,listed_POP,use,Stockholm-inspired__confirmed_violation,991,0,yes
CASE_0992,train,70/15/15,Minamata-inspired,no_violation,MIN_R05,mercury_air_emission,release,Minamata-inspired__no_violation,992,0,yes
CASE_0993,train,70/15/15,Minamata-inspired,probable_violation,MIN_R05,mercury_air_emission,release,Minamata-inspired__probable_violation,993,0,yes
CASE_0994,train,70/15/15,Rotterdam-inspired,confirmed_violation,ROT_R04,restricted_solvent,export,Rotterdam-inspired__confirmed_violation,994,0,yes
CASE_0995,train,70/15/15,Minamata-inspired,confirmed_violation,MIN_R03,mercury_sludge,storage,Minamata-inspired__confirmed_violation,995,0,yes
CASE_0996,train,70/15/15,Rotterdam-inspired,probable_violation,ROT_R04,restricted_solvent,export,Rotterdam-inspired__probable_violation,996,0,yes
CASE_0998,train,70/15/15,Rotterdam-inspired,no_violation,ROT_R05,listed_formulation,cross_border_sale,Rotterdam-inspired__no_violation,998,0,yes
CASE_1002,train,70/15/15,Rotterdam-inspired,confirmed_violation,ROT_R04,restricted_solvent,export,Rotterdam-inspired__confirmed_violation,1002,0,yes
CASE_1004,train,70/15/15,Montreal-inspired,human_review_required,MON_R03,HCFC_batch,use,Montreal-inspired__human_review_required,1004,0,yes
CASE_1005,train,70/15/15,Montreal-inspired,probable_violation,MON_R03,HCFC_batch,use,Montreal-inspired__probable_violation,1005,0,yes
CASE_1008,train,70/15/15,Minamata-inspired,confirmed_violation,MIN_R02,mercury_waste,waste_handling,Minamata-inspired__confirmed_violation,1008,0,yes
CASE_1012,train,70/15/15,Rotterdam-inspired,confirmed_violation,ROT_R01,listed_pesticide,export,Rotterdam-inspired__confirmed_violation,1012,0,yes
CASE_1013,train,70/15/15,Stockholm-inspired,confirmed_violation,STO_R01,listed_POP,use,Stockholm-inspired__confirmed_violation,1013,0,yes
CASE_1014,train,70/15/15,Stockholm-inspired,human_review_required,STO_R02,PCB_stock,storage,Stockholm-inspired__human_review_required,1014,0,yes
CASE_1015,train,70/15/15,Rotterdam-inspired,no_violation,ROT_R02,hazardous_chemical,cross_border_sale,Rotterdam-inspired__no_violation,1015,0,yes
CASE_1016,train,70/15/15,Basel-inspired,human_review_required,BAS_R04,e_waste_residue,disposal_transfer,Basel-inspired__human_review_required,1016,0,yes
CASE_1017,train,70/15/15,Rotterdam-inspired,insufficient_evidence,ROT_R04,restricted_solvent,export,Rotterdam-inspired__insufficient_evidence,1017,0,yes
CASE_1019,train,70/15/15,Basel-inspired,no_violation,BAS_R02,waste_solvent,export,Basel-inspired__no_violation,1019,0,yes
CASE_1020,train,70/15/15,Minamata-inspired,human_review_required,MIN_R02,mercury_waste,waste_handling,Minamata-inspired__human_review_required,1020,0,yes
CASE_1021,train,70/15/15,Montreal-inspired,probable_violation,MON_R04,ODS_blend,sale,Montreal-inspired__probable_violation,1021,0,yes
CASE_1022,train,70/15/15,Minamata-inspired,confirmed_violation,MIN_R05,mercury_air_emission,release,Minamata-inspired__confirmed_violation,1022,0,yes
CASE_1023,train,70/15/15,Rotterdam-inspired,human_review_required,ROT_R02,hazardous_chemical,cross_border_sale,Rotterdam-inspired__human_review_required,1023,0,yes
CASE_1024,train,70/15/15,Basel-inspired,insufficient_evidence,BAS_R04,e_waste_residue,disposal_transfer,Basel-inspired__insufficient_evidence,1024,0,yes
CASE_1025,train,70/15/15,Montreal-inspired,insufficient_evidence,MON_R05,refrigerant_stock,import,Montreal-inspired__insufficient_evidence,1025,0,yes
CASE_1026,train,70/15/15,Montreal-inspired,insufficient_evidence,MON_R02,CFC_stock,production,Montreal-inspired__insufficient_evidence,1026,0,yes
CASE_1028,train,70/15/15,Basel-inspired,no_violation,BAS_R02,waste_solvent,export,Basel-inspired__no_violation,1028,0,yes
CASE_1029,train,70/15/15,Rotterdam-inspired,insufficient_evidence,ROT_R05,listed_formulation,cross_border_sale,Rotterdam-inspired__insufficient_evidence,1029,0,yes
CASE_1031,train,70/15/15,Minamata-inspired,no_violation,MIN_R04,mercury_contaminated_effluent,treatment,Minamata-inspired__no_violation,1031,0,yes
CASE_1032,train,70/15/15,Montreal-inspired,no_violation,MON_R02,CFC_stock,production,Montreal-inspired__no_violation,1032,0,yes
CASE_1035,train,70/15/15,Minamata-inspired,insufficient_evidence,MIN_R01,mercury_release,release,Minamata-inspired__insufficient_evidence,1035,0,yes
CASE_1036,train,70/15/15,Minamata-inspired,human_review_required,MIN_R04,mercury_contaminated_effluent,treatment,Minamata-inspired__human_review_required,1036,0,yes
CASE_1037,train,70/15/15,Montreal-inspired,confirmed_violation,MON_R03,HCFC_batch,use,Montreal-inspired__confirmed_violation,1037,0,yes
CASE_1038,train,70/15/15,Basel-inspired,no_violation,BAS_R05,spent_acid,movement,Basel-inspired__no_violation,1038,0,yes
CASE_1039,train,70/15/15,Minamata-inspired,insufficient_evidence,MIN_R05,mercury_air_emission,release,Minamata-inspired__insufficient_evidence,1039,0,yes
CASE_1040,train,70/15/15,Montreal-inspired,insufficient_evidence,MON_R03,HCFC_batch,use,Montreal-inspired__insufficient_evidence,1040,0,yes
CASE_1043,train,70/15/15,Minamata-inspired,confirmed_violation,MIN_R01,mercury_release,release,Minamata-inspired__confirmed_violation,1043,0,yes
CASE_1045,train,70/15/15,Rotterdam-inspired,insufficient_evidence,ROT_R03,industrial_precursor,shipment,Rotterdam-inspired__insufficient_evidence,1045,0,yes
CASE_1046,train,70/15/15,Montreal-inspired,no_violation,MON_R04,ODS_blend,sale,Montreal-inspired__no_violation,1046,0,yes
CASE_1047,train,70/15/15,Montreal-inspired,human_review_required,MON_R03,HCFC_batch,use,Montreal-inspired__human_review_required,1047,0,yes
CASE_1048,train,70/15/15,Minamata-inspired,confirmed_violation,MIN_R04,mercury_contaminated_effluent,treatment,Minamata-inspired__confirmed_violation,1048,0,yes
CASE_1049,train,70/15/15,Basel-inspired,probable_violation,BAS_R02,waste_solvent,export,Basel-inspired__probable_violation,1049,0,yes
CASE_1050,train,70/15/15,Basel-inspired,no_violation,BAS_R05,spent_acid,movement,Basel-inspired__no_violation,1050,0,yes
CASE_1052,train,70/15/15,Stockholm-inspired,insufficient_evidence,STO_R05,restricted_flame_retardant,use,Stockholm-inspired__insufficient_evidence,1052,0,yes
CASE_1053,train,70/15/15,Rotterdam-inspired,probable_violation,ROT_R05,listed_formulation,cross_border_sale,Rotterdam-inspired__probable_violation,1053,0,yes
CASE_1054,train,70/15/15,Stockholm-inspired,probable_violation,STO_R04,POP_contaminated_material,treatment,Stockholm-inspired__probable_violation,1054,0,yes
CASE_1056,train,70/15/15,Stockholm-inspired,probable_violation,STO_R05,restricted_flame_retardant,use,Stockholm-inspired__probable_violation,1056,0,yes
CASE_1059,train,70/15/15,Minamata-inspired,human_review_required,MIN_R01,mercury_release,release,Minamata-inspired__human_review_required,1059,0,yes
CASE_1060,train,70/15/15,Stockholm-inspired,confirmed_violation,STO_R04,POP_contaminated_material,treatment,Stockholm-inspired__confirmed_violation,1060,0,yes
CASE_1061,train,70/15/15,Basel-inspired,confirmed_violation,BAS_R01,hazardous_waste,movement,Basel-inspired__confirmed_violation,1061,0,yes
CASE_1062,train,70/15/15,Rotterdam-inspired,confirmed_violation,ROT_R05,listed_formulation,cross_border_sale,Rotterdam-inspired__confirmed_violation,1062,0,yes
CASE_1063,train,70/15/15,Minamata-inspired,probable_violation,MIN_R03,mercury_sludge,storage,Minamata-inspired__probable_violation,1063,0,yes
CASE_1064,train,70/15/15,Rotterdam-inspired,no_violation,ROT_R03,industrial_precursor,shipment,Rotterdam-inspired__no_violation,1064,0,yes
CASE_1067,train,70/15/15,Stockholm-inspired,no_violation,STO_R01,listed_POP,use,Stockholm-inspired__no_violation,1067,0,yes
CASE_1068,train,70/15/15,Rotterdam-inspired,no_violation,ROT_R01,listed_pesticide,export,Rotterdam-inspired__no_violation,1068,0,yes
CASE_1069,train,70/15/15,Minamata-inspired,probable_violation,MIN_R04,mercury_contaminated_effluent,treatment,Minamata-inspired__probable_violation,1069,0,yes
CASE_1070,train,70/15/15,Stockholm-inspired,confirmed_violation,STO_R05,restricted_flame_retardant,use,Stockholm-inspired__confirmed_violation,1070,0,yes
CASE_1071,train,70/15/15,Rotterdam-inspired,no_violation,ROT_R02,hazardous_chemical,cross_border_sale,Rotterdam-inspired__no_violation,1071,0,yes
CASE_1072,train,70/15/15,Minamata-inspired,no_violation,MIN_R02,mercury_waste,waste_handling,Minamata-inspired__no_violation,1072,0,yes
CASE_1073,train,70/15/15,Stockholm-inspired,human_review_required,STO_R01,listed_POP,use,Stockholm-inspired__human_review_required,1073,0,yes
CASE_1074,train,70/15/15,Basel-inspired,insufficient_evidence,BAS_R04,e_waste_residue,disposal_transfer,Basel-inspired__insufficient_evidence,1074,0,yes
CASE_1075,train,70/15/15,Rotterdam-inspired,no_violation,ROT_R04,restricted_solvent,export,Rotterdam-inspired__no_violation,1075,0,yes
CASE_1076,train,70/15/15,Montreal-inspired,no_violation,MON_R01,controlled_ODS,import,Montreal-inspired__no_violation,1076,0,yes
CASE_1077,train,70/15/15,Rotterdam-inspired,probable_violation,ROT_R01,listed_pesticide,export,Rotterdam-inspired__probable_violation,1077,0,yes
CASE_1078,train,70/15/15,Minamata-inspired,confirmed_violation,MIN_R04,mercury_contaminated_effluent,treatment,Minamata-inspired__confirmed_violation,1078,0,yes
CASE_1079,train,70/15/15,Stockholm-inspired,insufficient_evidence,STO_R03,obsolete_pesticide_POP,disposal,Stockholm-inspired__insufficient_evidence,1079,0,yes
CASE_1080,train,70/15/15,Montreal-inspired,confirmed_violation,MON_R02,CFC_stock,production,Montreal-inspired__confirmed_violation,1080,0,yes
CASE_1081,train,70/15/15,Stockholm-inspired,insufficient_evidence,STO_R04,POP_contaminated_material,treatment,Stockholm-inspired__insufficient_evidence,1081,0,yes
CASE_1082,train,70/15/15,Rotterdam-inspired,no_violation,ROT_R03,industrial_precursor,shipment,Rotterdam-inspired__no_violation,1082,0,yes
CASE_1083,train,70/15/15,Basel-inspired,probable_violation,BAS_R04,e_waste_residue,disposal_transfer,Basel-inspired__probable_violation,1083,0,yes
CASE_1084,train,70/15/15,Stockholm-inspired,probable_violation,STO_R02,PCB_stock,storage,Stockholm-inspired__probable_violation,1084,0,yes
CASE_1085,train,70/15/15,Stockholm-inspired,no_violation,STO_R04,POP_contaminated_material,treatment,Stockholm-inspired__no_violation,1085,0,yes
CASE_1086,train,70/15/15,Minamata-inspired,confirmed_violation,MIN_R05,mercury_air_emission,release,Minamata-inspired__confirmed_violation,1086,0,yes
CASE_1089,train,70/15/15,Montreal-inspired,confirmed_violation,MON_R04,ODS_blend,sale,Montreal-inspired__confirmed_violation,1089,0,yes
CASE_1090,train,70/15/15,Rotterdam-inspired,human_review_required,ROT_R03,industrial_precursor,shipment,Rotterdam-inspired__human_review_required,1090,0,yes
CASE_1091,train,70/15/15,Stockholm-inspired,confirmed_violation,STO_R04,POP_contaminated_material,treatment,Stockholm-inspired__confirmed_violation,1091,0,yes
CASE_1092,train,70/15/15,Stockholm-inspired,confirmed_violation,STO_R01,listed_POP,use,Stockholm-inspired__confirmed_violation,1092,0,yes
CASE_1093,train,70/15/15,Minamata-inspired,no_violation,MIN_R04,mercury_contaminated_effluent,treatment,Minamata-inspired__no_violation,1093,0,yes
CASE_1094,train,70/15/15,Montreal-inspired,insufficient_evidence,MON_R01,controlled_ODS,import,Montreal-inspired__insufficient_evidence,1094,0,yes
CASE_1095,train,70/15/15,Stockholm-inspired,insufficient_evidence,STO_R03,obsolete_pesticide_POP,disposal,Stockholm-inspired__insufficient_evidence,1095,0,yes
CASE_1096,train,70/15/15,Montreal-inspired,confirmed_violation,MON_R03,HCFC_batch,use,Montreal-inspired__confirmed_violation,1096,0,yes
CASE_1098,train,70/15/15,Rotterdam-inspired,no_violation,ROT_R03,industrial_precursor,shipment,Rotterdam-inspired__no_violation,1098,0,yes
CASE_1100,train,70/15/15,Stockholm-inspired,confirmed_violation,STO_R03,obsolete_pesticide_POP,disposal,Stockholm-inspired__confirmed_violation,1100,0,yes
CASE_1101,train,70/15/15,Basel-inspired,no_violation,BAS_R01,hazardous_waste,movement,Basel-inspired__no_violation,1101,0,yes
CASE_1102,train,70/15/15,Minamata-inspired,confirmed_violation,MIN_R05,mercury_air_emission,release,Minamata-inspired__confirmed_violation,1102,0,yes
CASE_1104,train,70/15/15,Rotterdam-inspired,confirmed_violation,ROT_R02,hazardous_chemical,cross_border_sale,Rotterdam-inspired__confirmed_violation,1104,0,yes
CASE_1105,train,70/15/15,Rotterdam-inspired,human_review_required,ROT_R05,listed_formulation,cross_border_sale,Rotterdam-inspired__human_review_required,1105,0,yes
CASE_1108,train,70/15/15,Basel-inspired,confirmed_violation,BAS_R03,contaminated_sludge,transfer,Basel-inspired__confirmed_violation,1108,0,yes
CASE_1111,train,70/15/15,Minamata-inspired,insufficient_evidence,MIN_R01,mercury_release,release,Minamata-inspired__insufficient_evidence,1111,0,yes
CASE_1112,train,70/15/15,Minamata-inspired,confirmed_violation,MIN_R04,mercury_contaminated_effluent,treatment,Minamata-inspired__confirmed_violation,1112,0,yes
CASE_1113,train,70/15/15,Stockholm-inspired,probable_violation,STO_R05,restricted_flame_retardant,use,Stockholm-inspired__probable_violation,1113,0,yes
CASE_1115,train,70/15/15,Basel-inspired,no_violation,BAS_R05,spent_acid,movement,Basel-inspired__no_violation,1115,0,yes
CASE_1116,train,70/15/15,Montreal-inspired,confirmed_violation,MON_R02,CFC_stock,production,Montreal-inspired__confirmed_violation,1116,0,yes
CASE_1117,train,70/15/15,Montreal-inspired,no_violation,MON_R04,ODS_blend,sale,Montreal-inspired__no_violation,1117,0,yes
CASE_1118,train,70/15/15,Basel-inspired,no_violation,BAS_R04,e_waste_residue,disposal_transfer,Basel-inspired__no_violation,1118,0,yes
CASE_1119,train,70/15/15,Minamata-inspired,no_violation,MIN_R01,mercury_release,release,Minamata-inspired__no_violation,1119,0,yes
CASE_1120,train,70/15/15,Basel-inspired,confirmed_violation,BAS_R01,hazardous_waste,movement,Basel-inspired__confirmed_violation,1120,0,yes
CASE_1121,train,70/15/15,Montreal-inspired,confirmed_violation,MON_R01,controlled_ODS,import,Montreal-inspired__confirmed_violation,1121,0,yes
CASE_1122,train,70/15/15,Minamata-inspired,probable_violation,MIN_R03,mercury_sludge,storage,Minamata-inspired__probable_violation,1122,0,yes
CASE_1123,train,70/15/15,Montreal-inspired,confirmed_violation,MON_R04,ODS_blend,sale,Montreal-inspired__confirmed_violation,1123,0,yes
CASE_1124,train,70/15/15,Minamata-inspired,no_violation,MIN_R05,mercury_air_emission,release,Minamata-inspired__no_violation,1124,0,yes
CASE_1125,train,70/15/15,Stockholm-inspired,no_violation,STO_R01,listed_POP,use,Stockholm-inspired__no_violation,1125,0,yes
CASE_1126,train,70/15/15,Rotterdam-inspired,no_violation,ROT_R05,listed_formulation,cross_border_sale,Rotterdam-inspired__no_violation,1126,0,yes
CASE_1128,train,70/15/15,Minamata-inspired,human_review_required,MIN_R01,mercury_release,release,Minamata-inspired__human_review_required,1128,0,yes
CASE_1129,train,70/15/15,Rotterdam-inspired,insufficient_evidence,ROT_R05,listed_formulation,cross_border_sale,Rotterdam-inspired__insufficient_evidence,1129,0,yes
CASE_1130,train,70/15/15,Minamata-inspired,probable_violation,MIN_R02,mercury_waste,waste_handling,Minamata-inspired__probable_violation,1130,0,yes
CASE_1132,train,70/15/15,Basel-inspired,no_violation,BAS_R05,spent_acid,movement,Basel-inspired__no_violation,1132,0,yes
CASE_1133,train,70/15/15,Rotterdam-inspired,no_violation,ROT_R03,industrial_precursor,shipment,Rotterdam-inspired__no_violation,1133,0,yes
CASE_1135,train,70/15/15,Montreal-inspired,confirmed_violation,MON_R04,ODS_blend,sale,Montreal-inspired__confirmed_violation,1135,0,yes
CASE_1136,train,70/15/15,Stockholm-inspired,probable_violation,STO_R05,restricted_flame_retardant,use,Stockholm-inspired__probable_violation,1136,0,yes
CASE_1137,train,70/15/15,Rotterdam-inspired,no_violation,ROT_R01,listed_pesticide,export,Rotterdam-inspired__no_violation,1137,0,yes
CASE_1139,train,70/15/15,Rotterdam-inspired,no_violation,ROT_R01,listed_pesticide,export,Rotterdam-inspired__no_violation,1139,0,yes
CASE_1140,train,70/15/15,Basel-inspired,no_violation,BAS_R03,contaminated_sludge,transfer,Basel-inspired__no_violation,1140,0,yes
CASE_1141,train,70/15/15,Rotterdam-inspired,probable_violation,ROT_R04,restricted_solvent,export,Rotterdam-inspired__probable_violation,1141,0,yes
CASE_1142,train,70/15/15,Rotterdam-inspired,human_review_required,ROT_R04,restricted_solvent,export,Rotterdam-inspired__human_review_required,1142,0,yes
CASE_1143,train,70/15/15,Stockholm-inspired,human_review_required,STO_R04,POP_contaminated_material,treatment,Stockholm-inspired__human_review_required,1143,0,yes
CASE_1144,train,70/15/15,Montreal-inspired,no_violation,MON_R03,HCFC_batch,use,Montreal-inspired__no_violation,1144,0,yes
CASE_1145,train,70/15/15,Rotterdam-inspired,insufficient_evidence,ROT_R04,restricted_solvent,export,Rotterdam-inspired__insufficient_evidence,1145,0,yes
CASE_1146,train,70/15/15,Montreal-inspired,no_violation,MON_R02,CFC_stock,production,Montreal-inspired__no_violation,1146,0,yes
CASE_1149,train,70/15/15,Minamata-inspired,confirmed_violation,MIN_R02,mercury_waste,waste_handling,Minamata-inspired__confirmed_violation,1149,0,yes
CASE_1153,train,70/15/15,Rotterdam-inspired,insufficient_evidence,ROT_R02,hazardous_chemical,cross_border_sale,Rotterdam-inspired__insufficient_evidence,1153,0,yes
CASE_1154,train,70/15/15,Montreal-inspired,no_violation,MON_R03,HCFC_batch,use,Montreal-inspired__no_violation,1154,0,yes
CASE_1155,train,70/15/15,Basel-inspired,confirmed_violation,BAS_R03,contaminated_sludge,transfer,Basel-inspired__confirmed_violation,1155,0,yes
CASE_1156,train,70/15/15,Basel-inspired,insufficient_evidence,BAS_R01,hazardous_waste,movement,Basel-inspired__insufficient_evidence,1156,0,yes
CASE_1157,train,70/15/15,Rotterdam-inspired,confirmed_violation,ROT_R05,listed_formulation,cross_border_sale,Rotterdam-inspired__confirmed_violation,1157,0,yes
CASE_1159,train,70/15/15,Rotterdam-inspired,confirmed_violation,ROT_R05,listed_formulation,cross_border_sale,Rotterdam-inspired__confirmed_violation,1159,0,yes
CASE_1160,train,70/15/15,Basel-inspired,no_violation,BAS_R01,hazardous_waste,movement,Basel-inspired__no_violation,1160,0,yes
CASE_1161,train,70/15/15,Stockholm-inspired,insufficient_evidence,STO_R02,PCB_stock,storage,Stockholm-inspired__insufficient_evidence,1161,0,yes
CASE_1162,train,70/15/15,Basel-inspired,probable_violation,BAS_R04,e_waste_residue,disposal_transfer,Basel-inspired__probable_violation,1162,0,yes
CASE_1163,train,70/15/15,Basel-inspired,no_violation,BAS_R03,contaminated_sludge,transfer,Basel-inspired__no_violation,1163,0,yes
CASE_1164,train,70/15/15,Minamata-inspired,no_violation,MIN_R01,mercury_release,release,Minamata-inspired__no_violation,1164,0,yes
CASE_1165,train,70/15/15,Rotterdam-inspired,probable_violation,ROT_R04,restricted_solvent,export,Rotterdam-inspired__probable_violation,1165,0,yes
CASE_1166,train,70/15/15,Basel-inspired,no_violation,BAS_R02,waste_solvent,export,Basel-inspired__no_violation,1166,0,yes
CASE_1167,train,70/15/15,Rotterdam-inspired,probable_violation,ROT_R01,listed_pesticide,export,Rotterdam-inspired__probable_violation,1167,0,yes
CASE_1168,train,70/15/15,Montreal-inspired,insufficient_evidence,MON_R04,ODS_blend,sale,Montreal-inspired__insufficient_evidence,1168,0,yes
CASE_1169,train,70/15/15,Rotterdam-inspired,no_violation,ROT_R01,listed_pesticide,export,Rotterdam-inspired__no_violation,1169,0,yes
CASE_1171,train,70/15/15,Rotterdam-inspired,insufficient_evidence,ROT_R03,industrial_precursor,shipment,Rotterdam-inspired__insufficient_evidence,1171,0,yes
CASE_1172,train,70/15/15,Minamata-inspired,probable_violation,MIN_R03,mercury_sludge,storage,Minamata-inspired__probable_violation,1172,0,yes
CASE_1174,train,70/15/15,Basel-inspired,probable_violation,BAS_R02,waste_solvent,export,Basel-inspired__probable_violation,1174,0,yes
CASE_1175,train,70/15/15,Montreal-inspired,insufficient_evidence,MON_R02,CFC_stock,production,Montreal-inspired__insufficient_evidence,1175,0,yes
CASE_1176,train,70/15/15,Basel-inspired,probable_violation,BAS_R02,waste_solvent,export,Basel-inspired__probable_violation,1176,0,yes
CASE_1177,train,70/15/15,Stockholm-inspired,confirmed_violation,STO_R04,POP_contaminated_material,treatment,Stockholm-inspired__confirmed_violation,1177,0,yes
CASE_1178,train,70/15/15,Montreal-inspired,no_violation,MON_R03,HCFC_batch,use,Montreal-inspired__no_violation,1178,0,yes
CASE_1180,train,70/15/15,Montreal-inspired,human_review_required,MON_R05,refrigerant_stock,import,Montreal-inspired__human_review_required,1180,0,yes
CASE_1181,train,70/15/15,Montreal-inspired,confirmed_violation,MON_R02,CFC_stock,production,Montreal-inspired__confirmed_violation,1181,0,yes
CASE_1182,train,70/15/15,Stockholm-inspired,no_violation,STO_R02,PCB_stock,storage,Stockholm-inspired__no_violation,1182,0,yes
CASE_1183,train,70/15/15,Minamata-inspired,no_violation,MIN_R02,mercury_waste,waste_handling,Minamata-inspired__no_violation,1183,0,yes
CASE_1184,train,70/15/15,Montreal-inspired,probable_violation,MON_R05,refrigerant_stock,import,Montreal-inspired__probable_violation,1184,0,yes
CASE_1185,train,70/15/15,Minamata-inspired,probable_violation,MIN_R05,mercury_air_emission,release,Minamata-inspired__probable_violation,1185,0,yes
CASE_1186,train,70/15/15,Montreal-inspired,insufficient_evidence,MON_R03,HCFC_batch,use,Montreal-inspired__insufficient_evidence,1186,0,yes
CASE_1187,train,70/15/15,Montreal-inspired,confirmed_violation,MON_R02,CFC_stock,production,Montreal-inspired__confirmed_violation,1187,0,yes
CASE_1188,train,70/15/15,Minamata-inspired,probable_violation,MIN_R02,mercury_waste,waste_handling,Minamata-inspired__probable_violation,1188,0,yes
CASE_1189,train,70/15/15,Stockholm-inspired,no_violation,STO_R04,POP_contaminated_material,treatment,Stockholm-inspired__no_violation,1189,0,yes
CASE_1195,train,70/15/15,Montreal-inspired,confirmed_violation,MON_R05,refrigerant_stock,import,Montreal-inspired__confirmed_violation,1195,0,yes
CASE_1196,train,70/15/15,Stockholm-inspired,probable_violation,STO_R01,listed_POP,use,Stockholm-inspired__probable_violation,1196,0,yes
CASE_1197,train,70/15/15,Rotterdam-inspired,no_violation,ROT_R04,restricted_solvent,export,Rotterdam-inspired__no_violation,1197,0,yes
CASE_1199,train,70/15/15,Montreal-inspired,probable_violation,MON_R04,ODS_blend,sale,Montreal-inspired__probable_violation,1199,0,yes
CASE_1200,train,70/15/15,Montreal-inspired,no_violation,MON_R01,controlled_ODS,import,Montreal-inspired__no_violation,1200,0,yes
CASE_1201,train,70/15/15,Montreal-inspired,no_violation,MON_R01,controlled_ODS,import,Montreal-inspired__no_violation,1201,0,yes
CASE_1204,train,70/15/15,Rotterdam-inspired,insufficient_evidence,ROT_R03,industrial_precursor,shipment,Rotterdam-inspired__insufficient_evidence,1204,0,yes
CASE_1205,train,70/15/15,Basel-inspired,probable_violation,BAS_R04,e_waste_residue,disposal_transfer,Basel-inspired__probable_violation,1205,0,yes
CASE_1207,train,70/15/15,Montreal-inspired,probable_violation,MON_R05,refrigerant_stock,import,Montreal-inspired__probable_violation,1207,0,yes
CASE_1208,train,70/15/15,Rotterdam-inspired,insufficient_evidence,ROT_R04,restricted_solvent,export,Rotterdam-inspired__insufficient_evidence,1208,0,yes
CASE_1210,train,70/15/15,Minamata-inspired,human_review_required,MIN_R02,mercury_waste,waste_handling,Minamata-inspired__human_review_required,1210,0,yes
CASE_1211,train,70/15/15,Basel-inspired,no_violation,BAS_R05,spent_acid,movement,Basel-inspired__no_violation,1211,0,yes
CASE_1214,train,70/15/15,Basel-inspired,probable_violation,BAS_R05,spent_acid,movement,Basel-inspired__probable_violation,1214,0,yes
CASE_1215,train,70/15/15,Stockholm-inspired,insufficient_evidence,STO_R03,obsolete_pesticide_POP,disposal,Stockholm-inspired__insufficient_evidence,1215,0,yes
CASE_1216,train,70/15/15,Rotterdam-inspired,insufficient_evidence,ROT_R04,restricted_solvent,export,Rotterdam-inspired__insufficient_evidence,1216,0,yes
CASE_1218,train,70/15/15,Stockholm-inspired,no_violation,STO_R03,obsolete_pesticide_POP,disposal,Stockholm-inspired__no_violation,1218,0,yes
CASE_1219,train,70/15/15,Minamata-inspired,no_violation,MIN_R01,mercury_release,release,Minamata-inspired__no_violation,1219,0,yes
CASE_1221,train,70/15/15,Montreal-inspired,no_violation,MON_R04,ODS_blend,sale,Montreal-inspired__no_violation,1221,0,yes
CASE_1223,train,70/15/15,Stockholm-inspired,human_review_required,STO_R02,PCB_stock,storage,Stockholm-inspired__human_review_required,1223,0,yes
CASE_1224,train,70/15/15,Montreal-inspired,no_violation,MON_R03,HCFC_batch,use,Montreal-inspired__no_violation,1224,0,yes
CASE_1225,train,70/15/15,Rotterdam-inspired,probable_violation,ROT_R03,industrial_precursor,shipment,Rotterdam-inspired__probable_violation,1225,0,yes
CASE_1227,train,70/15/15,Minamata-inspired,human_review_required,MIN_R02,mercury_waste,waste_handling,Minamata-inspired__human_review_required,1227,0,yes
CASE_1228,train,70/15/15,Montreal-inspired,insufficient_evidence,MON_R05,refrigerant_stock,import,Montreal-inspired__insufficient_evidence,1228,0,yes
CASE_1230,train,70/15/15,Basel-inspired,confirmed_violation,BAS_R02,waste_solvent,export,Basel-inspired__confirmed_violation,1230,0,yes
CASE_1231,train,70/15/15,Minamata-inspired,confirmed_violation,MIN_R02,mercury_waste,waste_handling,Minamata-inspired__confirmed_violation,1231,0,yes
CASE_1232,train,70/15/15,Montreal-inspired,no_violation,MON_R01,controlled_ODS,import,Montreal-inspired__no_violation,1232,0,yes
CASE_1233,train,70/15/15,Minamata-inspired,no_violation,MIN_R04,mercury_contaminated_effluent,treatment,Minamata-inspired__no_violation,1233,0,yes
CASE_1237,train,70/15/15,Minamata-inspired,probable_violation,MIN_R02,mercury_waste,waste_handling,Minamata-inspired__probable_violation,1237,0,yes
CASE_1238,train,70/15/15,Minamata-inspired,no_violation,MIN_R01,mercury_release,release,Minamata-inspired__no_violation,1238,0,yes
CASE_1239,train,70/15/15,Basel-inspired,insufficient_evidence,BAS_R02,waste_solvent,export,Basel-inspired__insufficient_evidence,1239,0,yes
CASE_1240,train,70/15/15,Stockholm-inspired,no_violation,STO_R05,restricted_flame_retardant,use,Stockholm-inspired__no_violation,1240,0,yes
CASE_1241,train,70/15/15,Montreal-inspired,probable_violation,MON_R01,controlled_ODS,import,Montreal-inspired__probable_violation,1241,0,yes
CASE_1244,train,70/15/15,Stockholm-inspired,confirmed_violation,STO_R02,PCB_stock,storage,Stockholm-inspired__confirmed_violation,1244,0,yes
CASE_1245,train,70/15/15,Montreal-inspired,insufficient_evidence,MON_R03,HCFC_batch,use,Montreal-inspired__insufficient_evidence,1245,0,yes
CASE_1246,train,70/15/15,Montreal-inspired,human_review_required,MON_R05,refrigerant_stock,import,Montreal-inspired__human_review_required,1246,0,yes
CASE_1247,train,70/15/15,Minamata-inspired,human_review_required,MIN_R01,mercury_release,release,Minamata-inspired__human_review_required,1247,0,yes
CASE_1248,train,70/15/15,Montreal-inspired,no_violation,MON_R04,ODS_blend,sale,Montreal-inspired__no_violation,1248,0,yes
CASE_1249,train,70/15/15,Basel-inspired,human_review_required,BAS_R04,e_waste_residue,disposal_transfer,Basel-inspired__human_review_required,1249,0,yes
CASE_1251,train,70/15/15,Basel-inspired,no_violation,BAS_R02,waste_solvent,export,Basel-inspired__no_violation,1251,0,yes
CASE_1253,train,70/15/15,Rotterdam-inspired,probable_violation,ROT_R01,listed_pesticide,export,Rotterdam-inspired__probable_violation,1253,0,yes
CASE_1254,train,70/15/15,Basel-inspired,human_review_required,BAS_R05,spent_acid,movement,Basel-inspired__human_review_required,1254,0,yes
CASE_1256,train,70/15/15,Minamata-inspired,probable_violation,MIN_R05,mercury_air_emission,release,Minamata-inspired__probable_violation,1256,0,yes
CASE_1257,train,70/15/15,Basel-inspired,probable_violation,BAS_R03,contaminated_sludge,transfer,Basel-inspired__probable_violation,1257,0,yes
CASE_1259,train,70/15/15,Basel-inspired,confirmed_violation,BAS_R05,spent_acid,movement,Basel-inspired__confirmed_violation,1259,0,yes
CASE_1261,train,70/15/15,Minamata-inspired,insufficient_evidence,MIN_R04,mercury_contaminated_effluent,treatment,Minamata-inspired__insufficient_evidence,1261,0,yes
CASE_1262,train,70/15/15,Basel-inspired,human_review_required,BAS_R05,spent_acid,movement,Basel-inspired__human_review_required,1262,0,yes
CASE_1264,train,70/15/15,Montreal-inspired,confirmed_violation,MON_R02,CFC_stock,production,Montreal-inspired__confirmed_violation,1264,0,yes
CASE_1265,train,70/15/15,Basel-inspired,probable_violation,BAS_R04,e_waste_residue,disposal_transfer,Basel-inspired__probable_violation,1265,0,yes
CASE_1268,train,70/15/15,Minamata-inspired,probable_violation,MIN_R01,mercury_release,release,Minamata-inspired__probable_violation,1268,0,yes
CASE_1270,train,70/15/15,Stockholm-inspired,confirmed_violation,STO_R01,listed_POP,use,Stockholm-inspired__confirmed_violation,1270,0,yes
CASE_1271,train,70/15/15,Montreal-inspired,probable_violation,MON_R04,ODS_blend,sale,Montreal-inspired__probable_violation,1271,0,yes
CASE_1273,train,70/15/15,Montreal-inspired,no_violation,MON_R02,CFC_stock,production,Montreal-inspired__no_violation,1273,0,yes
CASE_1275,train,70/15/15,Stockholm-inspired,no_violation,STO_R04,POP_contaminated_material,treatment,Stockholm-inspired__no_violation,1275,0,yes
CASE_1276,train,70/15/15,Minamata-inspired,insufficient_evidence,MIN_R04,mercury_contaminated_effluent,treatment,Minamata-inspired__insufficient_evidence,1276,0,yes
CASE_1277,train,70/15/15,Basel-inspired,no_violation,BAS_R01,hazardous_waste,movement,Basel-inspired__no_violation,1277,0,yes
CASE_1278,train,70/15/15,Montreal-inspired,probable_violation,MON_R04,ODS_blend,sale,Montreal-inspired__probable_violation,1278,0,yes
CASE_1279,train,70/15/15,Rotterdam-inspired,insufficient_evidence,ROT_R02,hazardous_chemical,cross_border_sale,Rotterdam-inspired__insufficient_evidence,1279,0,yes
CASE_1281,train,70/15/15,Stockholm-inspired,probable_violation,STO_R04,POP_contaminated_material,treatment,Stockholm-inspired__probable_violation,1281,0,yes
CASE_1283,train,70/15/15,Stockholm-inspired,human_review_required,STO_R01,listed_POP,use,Stockholm-inspired__human_review_required,1283,0,yes
CASE_1285,train,70/15/15,Montreal-inspired,no_violation,MON_R03,HCFC_batch,use,Montreal-inspired__no_violation,1285,0,yes
CASE_1286,train,70/15/15,Rotterdam-inspired,confirmed_violation,ROT_R02,hazardous_chemical,cross_border_sale,Rotterdam-inspired__confirmed_violation,1286,0,yes
CASE_1287,train,70/15/15,Montreal-inspired,no_violation,MON_R03,HCFC_batch,use,Montreal-inspired__no_violation,1287,0,yes
CASE_1290,train,70/15/15,Basel-inspired,confirmed_violation,BAS_R04,e_waste_residue,disposal_transfer,Basel-inspired__confirmed_violation,1290,0,yes
CASE_1291,train,70/15/15,Stockholm-inspired,insufficient_evidence,STO_R02,PCB_stock,storage,Stockholm-inspired__insufficient_evidence,1291,0,yes
CASE_1292,train,70/15/15,Rotterdam-inspired,human_review_required,ROT_R03,industrial_precursor,shipment,Rotterdam-inspired__human_review_required,1292,0,yes
CASE_1293,train,70/15/15,Montreal-inspired,confirmed_violation,MON_R04,ODS_blend,sale,Montreal-inspired__confirmed_violation,1293,0,yes
CASE_1295,train,70/15/15,Montreal-inspired,insufficient_evidence,MON_R01,controlled_ODS,import,Montreal-inspired__insufficient_evidence,1295,0,yes
CASE_1296,train,70/15/15,Stockholm-inspired,confirmed_violation,STO_R02,PCB_stock,storage,Stockholm-inspired__confirmed_violation,1296,0,yes
CASE_1297,train,70/15/15,Stockholm-inspired,no_violation,STO_R02,PCB_stock,storage,Stockholm-inspired__no_violation,1297,0,yes
CASE_1298,train,70/15/15,Rotterdam-inspired,no_violation,ROT_R02,hazardous_chemical,cross_border_sale,Rotterdam-inspired__no_violation,1298,0,yes
CASE_1300,train,70/15/15,Rotterdam-inspired,insufficient_evidence,ROT_R04,restricted_solvent,export,Rotterdam-inspired__insufficient_evidence,1300,0,yes
CASE_1301,train,70/15/15,Basel-inspired,probable_violation,BAS_R03,contaminated_sludge,transfer,Basel-inspired__probable_violation,1301,0,yes
CASE_1302,train,70/15/15,Rotterdam-inspired,probable_violation,ROT_R04,restricted_solvent,export,Rotterdam-inspired__probable_violation,1302,0,yes
CASE_1303,train,70/15/15,Basel-inspired,confirmed_violation,BAS_R05,spent_acid,movement,Basel-inspired__confirmed_violation,1303,0,yes
CASE_1304,train,70/15/15,Montreal-inspired,confirmed_violation,MON_R05,refrigerant_stock,import,Montreal-inspired__confirmed_violation,1304,0,yes
CASE_1306,train,70/15/15,Stockholm-inspired,probable_violation,STO_R01,listed_POP,use,Stockholm-inspired__probable_violation,1306,0,yes
CASE_1307,train,70/15/15,Basel-inspired,no_violation,BAS_R05,spent_acid,movement,Basel-inspired__no_violation,1307,0,yes
CASE_1308,train,70/15/15,Basel-inspired,confirmed_violation,BAS_R04,e_waste_residue,disposal_transfer,Basel-inspired__confirmed_violation,1308,0,yes
CASE_1309,train,70/15/15,Montreal-inspired,confirmed_violation,MON_R01,controlled_ODS,import,Montreal-inspired__confirmed_violation,1309,0,yes
CASE_1312,train,70/15/15,Stockholm-inspired,no_violation,STO_R03,obsolete_pesticide_POP,disposal,Stockholm-inspired__no_violation,1312,0,yes
CASE_1313,train,70/15/15,Stockholm-inspired,probable_violation,STO_R04,POP_contaminated_material,treatment,Stockholm-inspired__probable_violation,1313,0,yes
CASE_1314,train,70/15/15,Rotterdam-inspired,confirmed_violation,ROT_R03,industrial_precursor,shipment,Rotterdam-inspired__confirmed_violation,1314,0,yes
CASE_1315,train,70/15/15,Minamata-inspired,no_violation,MIN_R03,mercury_sludge,storage,Minamata-inspired__no_violation,1315,0,yes
CASE_1316,train,70/15/15,Stockholm-inspired,probable_violation,STO_R04,POP_contaminated_material,treatment,Stockholm-inspired__probable_violation,1316,0,yes
CASE_1317,train,70/15/15,Stockholm-inspired,probable_violation,STO_R02,PCB_stock,storage,Stockholm-inspired__probable_violation,1317,0,yes
CASE_1318,train,70/15/15,Rotterdam-inspired,confirmed_violation,ROT_R01,listed_pesticide,export,Rotterdam-inspired__confirmed_violation,1318,0,yes
CASE_1319,train,70/15/15,Rotterdam-inspired,human_review_required,ROT_R05,listed_formulation,cross_border_sale,Rotterdam-inspired__human_review_required,1319,0,yes
CASE_1321,train,70/15/15,Basel-inspired,insufficient_evidence,BAS_R04,e_waste_residue,disposal_transfer,Basel-inspired__insufficient_evidence,1321,0,yes
CASE_1322,train,70/15/15,Stockholm-inspired,human_review_required,STO_R03,obsolete_pesticide_POP,disposal,Stockholm-inspired__human_review_required,1322,0,yes
CASE_1323,train,70/15/15,Rotterdam-inspired,no_violation,ROT_R03,industrial_precursor,shipment,Rotterdam-inspired__no_violation,1323,0,yes
CASE_1325,train,70/15/15,Minamata-inspired,insufficient_evidence,MIN_R02,mercury_waste,waste_handling,Minamata-inspired__insufficient_evidence,1325,0,yes
CASE_1326,train,70/15/15,Rotterdam-inspired,confirmed_violation,ROT_R03,industrial_precursor,shipment,Rotterdam-inspired__confirmed_violation,1326,0,yes
CASE_1327,train,70/15/15,Montreal-inspired,confirmed_violation,MON_R01,controlled_ODS,import,Montreal-inspired__confirmed_violation,1327,0,yes
CASE_1328,train,70/15/15,Montreal-inspired,probable_violation,MON_R03,HCFC_batch,use,Montreal-inspired__probable_violation,1328,0,yes
CASE_1329,train,70/15/15,Montreal-inspired,human_review_required,MON_R01,controlled_ODS,import,Montreal-inspired__human_review_required,1329,0,yes
CASE_1330,train,70/15/15,Basel-inspired,probable_violation,BAS_R02,waste_solvent,export,Basel-inspired__probable_violation,1330,0,yes
CASE_1332,train,70/15/15,Basel-inspired,probable_violation,BAS_R01,hazardous_waste,movement,Basel-inspired__probable_violation,1332,0,yes
CASE_1333,train,70/15/15,Minamata-inspired,confirmed_violation,MIN_R04,mercury_contaminated_effluent,treatment,Minamata-inspired__confirmed_violation,1333,0,yes
CASE_1334,train,70/15/15,Minamata-inspired,no_violation,MIN_R01,mercury_release,release,Minamata-inspired__no_violation,1334,0,yes
CASE_1336,train,70/15/15,Rotterdam-inspired,no_violation,ROT_R04,restricted_solvent,export,Rotterdam-inspired__no_violation,1336,0,yes
CASE_1338,train,70/15/15,Rotterdam-inspired,human_review_required,ROT_R04,restricted_solvent,export,Rotterdam-inspired__human_review_required,1338,0,yes
CASE_1339,train,70/15/15,Basel-inspired,confirmed_violation,BAS_R03,contaminated_sludge,transfer,Basel-inspired__confirmed_violation,1339,0,yes
CASE_1340,train,70/15/15,Montreal-inspired,insufficient_evidence,MON_R02,CFC_stock,production,Montreal-inspired__insufficient_evidence,1340,0,yes
CASE_1341,train,70/15/15,Rotterdam-inspired,probable_violation,ROT_R05,listed_formulation,cross_border_sale,Rotterdam-inspired__probable_violation,1341,0,yes
CASE_1344,train,70/15/15,Minamata-inspired,probable_violation,MIN_R04,mercury_contaminated_effluent,treatment,Minamata-inspired__probable_violation,1344,0,yes
CASE_1345,train,70/15/15,Basel-inspired,insufficient_evidence,BAS_R02,waste_solvent,export,Basel-inspired__insufficient_evidence,1345,0,yes
CASE_1346,train,70/15/15,Stockholm-inspired,confirmed_violation,STO_R05,restricted_flame_retardant,use,Stockholm-inspired__confirmed_violation,1346,0,yes
CASE_1347,train,70/15/15,Montreal-inspired,insufficient_evidence,MON_R04,ODS_blend,sale,Montreal-inspired__insufficient_evidence,1347,0,yes
CASE_1348,train,70/15/15,Rotterdam-inspired,confirmed_violation,ROT_R04,restricted_solvent,export,Rotterdam-inspired__confirmed_violation,1348,0,yes
CASE_1350,train,70/15/15,Minamata-inspired,confirmed_violation,MIN_R03,mercury_sludge,storage,Minamata-inspired__confirmed_violation,1350,0,yes
CASE_1351,train,70/15/15,Rotterdam-inspired,probable_violation,ROT_R02,hazardous_chemical,cross_border_sale,Rotterdam-inspired__probable_violation,1351,0,yes
CASE_1353,train,70/15/15,Montreal-inspired,probable_violation,MON_R04,ODS_blend,sale,Montreal-inspired__probable_violation,1353,0,yes
CASE_1354,train,70/15/15,Rotterdam-inspired,confirmed_violation,ROT_R05,listed_formulation,cross_border_sale,Rotterdam-inspired__confirmed_violation,1354,0,yes
CASE_1355,train,70/15/15,Stockholm-inspired,confirmed_violation,STO_R02,PCB_stock,storage,Stockholm-inspired__confirmed_violation,1355,0,yes
CASE_1357,train,70/15/15,Minamata-inspired,probable_violation,MIN_R02,mercury_waste,waste_handling,Minamata-inspired__probable_violation,1357,0,yes
CASE_1359,train,70/15/15,Basel-inspired,no_violation,BAS_R05,spent_acid,movement,Basel-inspired__no_violation,1359,0,yes
CASE_1360,train,70/15/15,Basel-inspired,no_violation,BAS_R03,contaminated_sludge,transfer,Basel-inspired__no_violation,1360,0,yes
CASE_1361,train,70/15/15,Minamata-inspired,no_violation,MIN_R03,mercury_sludge,storage,Minamata-inspired__no_violation,1361,0,yes
CASE_1362,train,70/15/15,Basel-inspired,human_review_required,BAS_R03,contaminated_sludge,transfer,Basel-inspired__human_review_required,1362,0,yes
CASE_1363,train,70/15/15,Basel-inspired,confirmed_violation,BAS_R05,spent_acid,movement,Basel-inspired__confirmed_violation,1363,0,yes
CASE_1364,train,70/15/15,Minamata-inspired,confirmed_violation,MIN_R01,mercury_release,release,Minamata-inspired__confirmed_violation,1364,0,yes
CASE_1365,train,70/15/15,Rotterdam-inspired,probable_violation,ROT_R04,restricted_solvent,export,Rotterdam-inspired__probable_violation,1365,0,yes
CASE_1367,train,70/15/15,Minamata-inspired,confirmed_violation,MIN_R03,mercury_sludge,storage,Minamata-inspired__confirmed_violation,1367,0,yes
CASE_1368,train,70/15/15,Minamata-inspired,insufficient_evidence,MIN_R02,mercury_waste,waste_handling,Minamata-inspired__insufficient_evidence,1368,0,yes
CASE_1370,train,70/15/15,Basel-inspired,human_review_required,BAS_R03,contaminated_sludge,transfer,Basel-inspired__human_review_required,1370,0,yes
CASE_1371,train,70/15/15,Montreal-inspired,insufficient_evidence,MON_R01,controlled_ODS,import,Montreal-inspired__insufficient_evidence,1371,0,yes
CASE_1372,train,70/15/15,Minamata-inspired,human_review_required,MIN_R03,mercury_sludge,storage,Minamata-inspired__human_review_required,1372,0,yes
CASE_1373,train,70/15/15,Rotterdam-inspired,insufficient_evidence,ROT_R02,hazardous_chemical,cross_border_sale,Rotterdam-inspired__insufficient_evidence,1373,0,yes
CASE_1374,train,70/15/15,Stockholm-inspired,no_violation,STO_R05,restricted_flame_retardant,use,Stockholm-inspired__no_violation,1374,0,yes
CASE_1375,train,70/15/15,Stockholm-inspired,confirmed_violation,STO_R01,listed_POP,use,Stockholm-inspired__confirmed_violation,1375,0,yes
CASE_1376,train,70/15/15,Montreal-inspired,human_review_required,MON_R01,controlled_ODS,import,Montreal-inspired__human_review_required,1376,0,yes
CASE_1378,train,70/15/15,Rotterdam-inspired,confirmed_violation,ROT_R01,listed_pesticide,export,Rotterdam-inspired__confirmed_violation,1378,0,yes
CASE_1379,train,70/15/15,Basel-inspired,confirmed_violation,BAS_R01,hazardous_waste,movement,Basel-inspired__confirmed_violation,1379,0,yes
CASE_1380,train,70/15/15,Montreal-inspired,human_review_required,MON_R01,controlled_ODS,import,Montreal-inspired__human_review_required,1380,0,yes
CASE_1381,train,70/15/15,Montreal-inspired,human_review_required,MON_R05,refrigerant_stock,import,Montreal-inspired__human_review_required,1381,0,yes
CASE_1383,train,70/15/15,Stockholm-inspired,confirmed_violation,STO_R05,restricted_flame_retardant,use,Stockholm-inspired__confirmed_violation,1383,0,yes
CASE_1384,train,70/15/15,Minamata-inspired,confirmed_violation,MIN_R01,mercury_release,release,Minamata-inspired__confirmed_violation,1384,0,yes
CASE_1385,train,70/15/15,Stockholm-inspired,no_violation,STO_R02,PCB_stock,storage,Stockholm-inspired__no_violation,1385,0,yes
CASE_1389,train,70/15/15,Montreal-inspired,confirmed_violation,MON_R05,refrigerant_stock,import,Montreal-inspired__confirmed_violation,1389,0,yes
CASE_1391,train,70/15/15,Rotterdam-inspired,confirmed_violation,ROT_R02,hazardous_chemical,cross_border_sale,Rotterdam-inspired__confirmed_violation,1391,0,yes
CASE_1392,train,70/15/15,Montreal-inspired,human_review_required,MON_R03,HCFC_batch,use,Montreal-inspired__human_review_required,1392,0,yes
CASE_1393,train,70/15/15,Basel-inspired,confirmed_violation,BAS_R04,e_waste_residue,disposal_transfer,Basel-inspired__confirmed_violation,1393,0,yes
CASE_1394,train,70/15/15,Minamata-inspired,no_violation,MIN_R03,mercury_sludge,storage,Minamata-inspired__no_violation,1394,0,yes
CASE_1395,train,70/15/15,Stockholm-inspired,confirmed_violation,STO_R04,POP_contaminated_material,treatment,Stockholm-inspired__confirmed_violation,1395,0,yes
CASE_1397,train,70/15/15,Stockholm-inspired,probable_violation,STO_R02,PCB_stock,storage,Stockholm-inspired__probable_violation,1397,0,yes
CASE_1398,train,70/15/15,Basel-inspired,probable_violation,BAS_R03,contaminated_sludge,transfer,Basel-inspired__probable_violation,1398,0,yes
CASE_1399,train,70/15/15,Basel-inspired,probable_violation,BAS_R05,spent_acid,movement,Basel-inspired__probable_violation,1399,0,yes
CASE_1401,train,70/15/15,Basel-inspired,no_violation,BAS_R01,hazardous_waste,movement,Basel-inspired__no_violation,1401,0,yes
CASE_1402,train,70/15/15,Minamata-inspired,insufficient_evidence,MIN_R02,mercury_waste,waste_handling,Minamata-inspired__insufficient_evidence,1402,0,yes
CASE_1403,train,70/15/15,Montreal-inspired,insufficient_evidence,MON_R04,ODS_blend,sale,Montreal-inspired__insufficient_evidence,1403,0,yes
CASE_1404,train,70/15/15,Stockholm-inspired,no_violation,STO_R05,restricted_flame_retardant,use,Stockholm-inspired__no_violation,1404,0,yes
CASE_1407,train,70/15/15,Rotterdam-inspired,probable_violation,ROT_R03,industrial_precursor,shipment,Rotterdam-inspired__probable_violation,1407,0,yes
CASE_1409,train,70/15/15,Rotterdam-inspired,insufficient_evidence,ROT_R04,restricted_solvent,export,Rotterdam-inspired__insufficient_evidence,1409,0,yes
CASE_1410,train,70/15/15,Stockholm-inspired,insufficient_evidence,STO_R02,PCB_stock,storage,Stockholm-inspired__insufficient_evidence,1410,0,yes
CASE_1412,train,70/15/15,Minamata-inspired,confirmed_violation,MIN_R02,mercury_waste,waste_handling,Minamata-inspired__confirmed_violation,1412,0,yes
CASE_1413,train,70/15/15,Rotterdam-inspired,confirmed_violation,ROT_R01,listed_pesticide,export,Rotterdam-inspired__confirmed_violation,1413,0,yes
CASE_1415,train,70/15/15,Basel-inspired,insufficient_evidence,BAS_R02,waste_solvent,export,Basel-inspired__insufficient_evidence,1415,0,yes
CASE_1418,train,70/15/15,Minamata-inspired,confirmed_violation,MIN_R04,mercury_contaminated_effluent,treatment,Minamata-inspired__confirmed_violation,1418,0,yes
CASE_1419,train,70/15/15,Rotterdam-inspired,confirmed_violation,ROT_R02,hazardous_chemical,cross_border_sale,Rotterdam-inspired__confirmed_violation,1419,0,yes
CASE_1420,train,70/15/15,Minamata-inspired,no_violation,MIN_R02,mercury_waste,waste_handling,Minamata-inspired__no_violation,1420,0,yes
CASE_1421,train,70/15/15,Minamata-inspired,confirmed_violation,MIN_R03,mercury_sludge,storage,Minamata-inspired__confirmed_violation,1421,0,yes
CASE_1424,train,70/15/15,Rotterdam-inspired,confirmed_violation,ROT_R01,listed_pesticide,export,Rotterdam-inspired__confirmed_violation,1424,0,yes
CASE_1426,train,70/15/15,Montreal-inspired,no_violation,MON_R05,refrigerant_stock,import,Montreal-inspired__no_violation,1426,0,yes
CASE_1428,train,70/15/15,Rotterdam-inspired,no_violation,ROT_R05,listed_formulation,cross_border_sale,Rotterdam-inspired__no_violation,1428,0,yes
CASE_1431,train,70/15/15,Stockholm-inspired,human_review_required,STO_R03,obsolete_pesticide_POP,disposal,Stockholm-inspired__human_review_required,1431,0,yes
CASE_1432,train,70/15/15,Montreal-inspired,human_review_required,MON_R04,ODS_blend,sale,Montreal-inspired__human_review_required,1432,0,yes
CASE_1433,train,70/15/15,Stockholm-inspired,probable_violation,STO_R03,obsolete_pesticide_POP,disposal,Stockholm-inspired__probable_violation,1433,0,yes
CASE_1434,train,70/15/15,Basel-inspired,confirmed_violation,BAS_R02,waste_solvent,export,Basel-inspired__confirmed_violation,1434,0,yes
CASE_1436,train,70/15/15,Basel-inspired,no_violation,BAS_R03,contaminated_sludge,transfer,Basel-inspired__no_violation,1436,0,yes
CASE_1438,train,70/15/15,Minamata-inspired,no_violation,MIN_R03,mercury_sludge,storage,Minamata-inspired__no_violation,1438,0,yes
CASE_1440,train,70/15/15,Rotterdam-inspired,insufficient_evidence,ROT_R01,listed_pesticide,export,Rotterdam-inspired__insufficient_evidence,1440,0,yes
CASE_1441,train,70/15/15,Stockholm-inspired,confirmed_violation,STO_R02,PCB_stock,storage,Stockholm-inspired__confirmed_violation,1441,0,yes
CASE_1443,train,70/15/15,Rotterdam-inspired,probable_violation,ROT_R03,industrial_precursor,shipment,Rotterdam-inspired__probable_violation,1443,0,yes
CASE_1445,train,70/15/15,Montreal-inspired,human_review_required,MON_R01,controlled_ODS,import,Montreal-inspired__human_review_required,1445,0,yes
CASE_1446,train,70/15/15,Montreal-inspired,confirmed_violation,MON_R01,controlled_ODS,import,Montreal-inspired__confirmed_violation,1446,0,yes
CASE_1447,train,70/15/15,Basel-inspired,no_violation,BAS_R01,hazardous_waste,movement,Basel-inspired__no_violation,1447,0,yes
CASE_1448,train,70/15/15,Minamata-inspired,no_violation,MIN_R02,mercury_waste,waste_handling,Minamata-inspired__no_violation,1448,0,yes
CASE_1449,train,70/15/15,Montreal-inspired,confirmed_violation,MON_R03,HCFC_batch,use,Montreal-inspired__confirmed_violation,1449,0,yes
CASE_1451,train,70/15/15,Montreal-inspired,insufficient_evidence,MON_R01,controlled_ODS,import,Montreal-inspired__insufficient_evidence,1451,0,yes
CASE_1452,train,70/15/15,Minamata-inspired,confirmed_violation,MIN_R03,mercury_sludge,storage,Minamata-inspired__confirmed_violation,1452,0,yes
CASE_1453,train,70/15/15,Montreal-inspired,human_review_required,MON_R03,HCFC_batch,use,Montreal-inspired__human_review_required,1453,0,yes
CASE_1454,train,70/15/15,Montreal-inspired,human_review_required,MON_R05,refrigerant_stock,import,Montreal-inspired__human_review_required,1454,0,yes
CASE_1455,train,70/15/15,Stockholm-inspired,insufficient_evidence,STO_R04,POP_contaminated_material,treatment,Stockholm-inspired__insufficient_evidence,1455,0,yes
CASE_1456,train,70/15/15,Rotterdam-inspired,human_review_required,ROT_R04,restricted_solvent,export,Rotterdam-inspired__human_review_required,1456,0,yes
CASE_1458,train,70/15/15,Montreal-inspired,confirmed_violation,MON_R04,ODS_blend,sale,Montreal-inspired__confirmed_violation,1458,0,yes
CASE_1459,train,70/15/15,Minamata-inspired,insufficient_evidence,MIN_R03,mercury_sludge,storage,Minamata-inspired__insufficient_evidence,1459,0,yes
CASE_1460,train,70/15/15,Rotterdam-inspired,no_violation,ROT_R03,industrial_precursor,shipment,Rotterdam-inspired__no_violation,1460,0,yes
CASE_1461,train,70/15/15,Minamata-inspired,insufficient_evidence,MIN_R01,mercury_release,release,Minamata-inspired__insufficient_evidence,1461,0,yes
CASE_1462,train,70/15/15,Basel-inspired,confirmed_violation,BAS_R04,e_waste_residue,disposal_transfer,Basel-inspired__confirmed_violation,1462,0,yes
CASE_1463,train,70/15/15,Minamata-inspired,no_violation,MIN_R04,mercury_contaminated_effluent,treatment,Minamata-inspired__no_violation,1463,0,yes
CASE_1467,train,70/15/15,Basel-inspired,confirmed_violation,BAS_R01,hazardous_waste,movement,Basel-inspired__confirmed_violation,1467,0,yes
CASE_1468,train,70/15/15,Minamata-inspired,no_violation,MIN_R02,mercury_waste,waste_handling,Minamata-inspired__no_violation,1468,0,yes
CASE_1469,train,70/15/15,Montreal-inspired,confirmed_violation,MON_R01,controlled_ODS,import,Montreal-inspired__confirmed_violation,1469,0,yes
CASE_1470,train,70/15/15,Basel-inspired,no_violation,BAS_R02,waste_solvent,export,Basel-inspired__no_violation,1470,0,yes
CASE_1471,train,70/15/15,Montreal-inspired,probable_violation,MON_R04,ODS_blend,sale,Montreal-inspired__probable_violation,1471,0,yes
CASE_1474,train,70/15/15,Basel-inspired,insufficient_evidence,BAS_R03,contaminated_sludge,transfer,Basel-inspired__insufficient_evidence,1474,0,yes
CASE_1475,train,70/15/15,Basel-inspired,confirmed_violation,BAS_R01,hazardous_waste,movement,Basel-inspired__confirmed_violation,1475,0,yes
CASE_1477,train,70/15/15,Stockholm-inspired,no_violation,STO_R03,obsolete_pesticide_POP,disposal,Stockholm-inspired__no_violation,1477,0,yes
CASE_1478,train,70/15/15,Rotterdam-inspired,confirmed_violation,ROT_R04,restricted_solvent,export,Rotterdam-inspired__confirmed_violation,1478,0,yes
CASE_1479,train,70/15/15,Basel-inspired,no_violation,BAS_R04,e_waste_residue,disposal_transfer,Basel-inspired__no_violation,1479,0,yes
CASE_1480,train,70/15/15,Basel-inspired,confirmed_violation,BAS_R03,contaminated_sludge,transfer,Basel-inspired__confirmed_violation,1480,0,yes
CASE_1482,train,70/15/15,Montreal-inspired,human_review_required,MON_R03,HCFC_batch,use,Montreal-inspired__human_review_required,1482,0,yes
CASE_1484,train,70/15/15,Minamata-inspired,human_review_required,MIN_R01,mercury_release,release,Minamata-inspired__human_review_required,1484,0,yes
CASE_1485,train,70/15/15,Stockholm-inspired,insufficient_evidence,STO_R04,POP_contaminated_material,treatment,Stockholm-inspired__insufficient_evidence,1485,0,yes
CASE_1487,train,70/15/15,Montreal-inspired,confirmed_violation,MON_R02,CFC_stock,production,Montreal-inspired__confirmed_violation,1487,0,yes
CASE_1488,train,70/15/15,Basel-inspired,probable_violation,BAS_R03,contaminated_sludge,transfer,Basel-inspired__probable_violation,1488,0,yes
CASE_1489,train,70/15/15,Basel-inspired,no_violation,BAS_R01,hazardous_waste,movement,Basel-inspired__no_violation,1489,0,yes
CASE_1490,train,70/15/15,Stockholm-inspired,confirmed_violation,STO_R04,POP_contaminated_material,treatment,Stockholm-inspired__confirmed_violation,1490,0,yes
CASE_1492,train,70/15/15,Basel-inspired,no_violation,BAS_R02,waste_solvent,export,Basel-inspired__no_violation,1492,0,yes
CASE_1497,train,70/15/15,Rotterdam-inspired,human_review_required,ROT_R04,restricted_solvent,export,Rotterdam-inspired__human_review_required,1497,0,yes
CASE_1499,train,70/15/15,Minamata-inspired,confirmed_violation,MIN_R05,mercury_air_emission,release,Minamata-inspired__confirmed_violation,1499,0,yes
CASE_1500,train,70/15/15,Minamata-inspired,confirmed_violation,MIN_R01,mercury_release,release,Minamata-inspired__confirmed_violation,1500,0,yes
CASE_1503,train,70/15/15,Basel-inspired,no_violation,BAS_R01,hazardous_waste,movement,Basel-inspired__no_violation,1503,0,yes
CASE_1504,train,70/15/15,Basel-inspired,confirmed_violation,BAS_R01,hazardous_waste,movement,Basel-inspired__confirmed_violation,1504,0,yes
CASE_1505,train,70/15/15,Stockholm-inspired,probable_violation,STO_R03,obsolete_pesticide_POP,disposal,Stockholm-inspired__probable_violation,1505,0,yes
CASE_1508,train,70/15/15,Stockholm-inspired,confirmed_violation,STO_R03,obsolete_pesticide_POP,disposal,Stockholm-inspired__confirmed_violation,1508,0,yes
CASE_1510,train,70/15/15,Stockholm-inspired,confirmed_violation,STO_R03,obsolete_pesticide_POP,disposal,Stockholm-inspired__confirmed_violation,1510,0,yes
CASE_1511,train,70/15/15,Basel-inspired,no_violation,BAS_R04,e_waste_residue,disposal_transfer,Basel-inspired__no_violation,1511,0,yes
CASE_1512,train,70/15/15,Stockholm-inspired,human_review_required,STO_R01,listed_POP,use,Stockholm-inspired__human_review_required,1512,0,yes
CASE_1513,train,70/15/15,Montreal-inspired,no_violation,MON_R02,CFC_stock,production,Montreal-inspired__no_violation,1513,0,yes
CASE_1514,train,70/15/15,Minamata-inspired,confirmed_violation,MIN_R02,mercury_waste,waste_handling,Minamata-inspired__confirmed_violation,1514,0,yes
CASE_1515,train,70/15/15,Stockholm-inspired,human_review_required,STO_R04,POP_contaminated_material,treatment,Stockholm-inspired__human_review_required,1515,0,yes
CASE_1517,train,70/15/15,Rotterdam-inspired,confirmed_violation,ROT_R05,listed_formulation,cross_border_sale,Rotterdam-inspired__confirmed_violation,1517,0,yes
CASE_1518,train,70/15/15,Montreal-inspired,probable_violation,MON_R02,CFC_stock,production,Montreal-inspired__probable_violation,1518,0,yes
CASE_1521,train,70/15/15,Rotterdam-inspired,probable_violation,ROT_R03,industrial_precursor,shipment,Rotterdam-inspired__probable_violation,1521,0,yes
CASE_1524,train,70/15/15,Montreal-inspired,confirmed_violation,MON_R02,CFC_stock,production,Montreal-inspired__confirmed_violation,1524,0,yes
CASE_1525,train,70/15/15,Stockholm-inspired,insufficient_evidence,STO_R05,restricted_flame_retardant,use,Stockholm-inspired__insufficient_evidence,1525,0,yes
CASE_1526,train,70/15/15,Minamata-inspired,human_review_required,MIN_R05,mercury_air_emission,release,Minamata-inspired__human_review_required,1526,0,yes
CASE_1527,train,70/15/15,Minamata-inspired,probable_violation,MIN_R02,mercury_waste,waste_handling,Minamata-inspired__probable_violation,1527,0,yes
CASE_1530,train,70/15/15,Basel-inspired,confirmed_violation,BAS_R03,contaminated_sludge,transfer,Basel-inspired__confirmed_violation,1530,0,yes
CASE_1534,train,70/15/15,Minamata-inspired,insufficient_evidence,MIN_R03,mercury_sludge,storage,Minamata-inspired__insufficient_evidence,1534,0,yes
CASE_1535,train,70/15/15,Basel-inspired,probable_violation,BAS_R05,spent_acid,movement,Basel-inspired__probable_violation,1535,0,yes
CASE_1537,train,70/15/15,Rotterdam-inspired,probable_violation,ROT_R04,restricted_solvent,export,Rotterdam-inspired__probable_violation,1537,0,yes
CASE_1538,train,70/15/15,Montreal-inspired,confirmed_violation,MON_R02,CFC_stock,production,Montreal-inspired__confirmed_violation,1538,0,yes
CASE_1539,train,70/15/15,Montreal-inspired,insufficient_evidence,MON_R02,CFC_stock,production,Montreal-inspired__insufficient_evidence,1539,0,yes
CASE_1540,train,70/15/15,Stockholm-inspired,probable_violation,STO_R05,restricted_flame_retardant,use,Stockholm-inspired__probable_violation,1540,0,yes
CASE_1541,train,70/15/15,Minamata-inspired,confirmed_violation,MIN_R05,mercury_air_emission,release,Minamata-inspired__confirmed_violation,1541,0,yes
CASE_1543,train,70/15/15,Minamata-inspired,insufficient_evidence,MIN_R03,mercury_sludge,storage,Minamata-inspired__insufficient_evidence,1543,0,yes
CASE_1545,train,70/15/15,Stockholm-inspired,confirmed_violation,STO_R04,POP_contaminated_material,treatment,Stockholm-inspired__confirmed_violation,1545,0,yes
CASE_1547,train,70/15/15,Stockholm-inspired,confirmed_violation,STO_R02,PCB_stock,storage,Stockholm-inspired__confirmed_violation,1547,0,yes
CASE_1548,train,70/15/15,Basel-inspired,no_violation,BAS_R04,e_waste_residue,disposal_transfer,Basel-inspired__no_violation,1548,0,yes
CASE_1549,train,70/15/15,Montreal-inspired,no_violation,MON_R01,controlled_ODS,import,Montreal-inspired__no_violation,1549,0,yes
CASE_1550,train,70/15/15,Stockholm-inspired,confirmed_violation,STO_R05,restricted_flame_retardant,use,Stockholm-inspired__confirmed_violation,1550,0,yes
CASE_1553,train,70/15/15,Stockholm-inspired,no_violation,STO_R01,listed_POP,use,Stockholm-inspired__no_violation,1553,0,yes
CASE_1556,train,70/15/15,Basel-inspired,insufficient_evidence,BAS_R05,spent_acid,movement,Basel-inspired__insufficient_evidence,1556,0,yes
CASE_1557,train,70/15/15,Montreal-inspired,no_violation,MON_R04,ODS_blend,sale,Montreal-inspired__no_violation,1557,0,yes
CASE_1559,train,70/15/15,Minamata-inspired,confirmed_violation,MIN_R01,mercury_release,release,Minamata-inspired__confirmed_violation,1559,0,yes
CASE_1560,train,70/15/15,Stockholm-inspired,insufficient_evidence,STO_R03,obsolete_pesticide_POP,disposal,Stockholm-inspired__insufficient_evidence,1560,0,yes
CASE_1561,train,70/15/15,Stockholm-inspired,probable_violation,STO_R01,listed_POP,use,Stockholm-inspired__probable_violation,1561,0,yes
CASE_1563,train,70/15/15,Stockholm-inspired,confirmed_violation,STO_R03,obsolete_pesticide_POP,disposal,Stockholm-inspired__confirmed_violation,1563,0,yes
CASE_1565,train,70/15/15,Rotterdam-inspired,confirmed_violation,ROT_R02,hazardous_chemical,cross_border_sale,Rotterdam-inspired__confirmed_violation,1565,0,yes
CASE_1568,train,70/15/15,Montreal-inspired,human_review_required,MON_R04,ODS_blend,sale,Montreal-inspired__human_review_required,1568,0,yes
CASE_1574,train,70/15/15,Stockholm-inspired,probable_violation,STO_R01,listed_POP,use,Stockholm-inspired__probable_violation,1574,0,yes
CASE_1578,train,70/15/15,Montreal-inspired,probable_violation,MON_R01,controlled_ODS,import,Montreal-inspired__probable_violation,1578,0,yes
CASE_1579,train,70/15/15,Stockholm-inspired,probable_violation,STO_R04,POP_contaminated_material,treatment,Stockholm-inspired__probable_violation,1579,0,yes
CASE_1580,train,70/15/15,Stockholm-inspired,probable_violation,STO_R01,listed_POP,use,Stockholm-inspired__probable_violation,1580,0,yes
CASE_1581,train,70/15/15,Rotterdam-inspired,insufficient_evidence,ROT_R02,hazardous_chemical,cross_border_sale,Rotterdam-inspired__insufficient_evidence,1581,0,yes
CASE_1582,train,70/15/15,Rotterdam-inspired,insufficient_evidence,ROT_R04,restricted_solvent,export,Rotterdam-inspired__insufficient_evidence,1582,0,yes
CASE_1583,train,70/15/15,Minamata-inspired,probable_violation,MIN_R02,mercury_waste,waste_handling,Minamata-inspired__probable_violation,1583,0,yes
CASE_1584,train,70/15/15,Montreal-inspired,confirmed_violation,MON_R01,controlled_ODS,import,Montreal-inspired__confirmed_violation,1584,0,yes
CASE_1589,train,70/15/15,Basel-inspired,confirmed_violation,BAS_R02,waste_solvent,export,Basel-inspired__confirmed_violation,1589,0,yes
CASE_1590,train,70/15/15,Minamata-inspired,no_violation,MIN_R03,mercury_sludge,storage,Minamata-inspired__no_violation,1590,0,yes
CASE_1591,train,70/15/15,Stockholm-inspired,probable_violation,STO_R03,obsolete_pesticide_POP,disposal,Stockholm-inspired__probable_violation,1591,0,yes
CASE_1592,train,70/15/15,Rotterdam-inspired,confirmed_violation,ROT_R03,industrial_precursor,shipment,Rotterdam-inspired__confirmed_violation,1592,0,yes
CASE_1593,train,70/15/15,Montreal-inspired,insufficient_evidence,MON_R05,refrigerant_stock,import,Montreal-inspired__insufficient_evidence,1593,0,yes
CASE_1595,train,70/15/15,Basel-inspired,insufficient_evidence,BAS_R03,contaminated_sludge,transfer,Basel-inspired__insufficient_evidence,1595,0,yes
CASE_1597,train,70/15/15,Basel-inspired,no_violation,BAS_R02,waste_solvent,export,Basel-inspired__no_violation,1597,0,yes
CASE_1600,train,70/15/15,Basel-inspired,probable_violation,BAS_R01,hazardous_waste,movement,Basel-inspired__probable_violation,1600,0,yes
CASE_1601,train,70/15/15,Rotterdam-inspired,confirmed_violation,ROT_R04,restricted_solvent,export,Rotterdam-inspired__confirmed_violation,1601,0,yes
CASE_1602,train,70/15/15,Stockholm-inspired,no_violation,STO_R05,restricted_flame_retardant,use,Stockholm-inspired__no_violation,1602,0,yes
CASE_1604,train,70/15/15,Rotterdam-inspired,no_violation,ROT_R01,listed_pesticide,export,Rotterdam-inspired__no_violation,1604,0,yes
CASE_1605,train,70/15/15,Minamata-inspired,no_violation,MIN_R03,mercury_sludge,storage,Minamata-inspired__no_violation,1605,0,yes
CASE_1607,train,70/15/15,Stockholm-inspired,confirmed_violation,STO_R04,POP_contaminated_material,treatment,Stockholm-inspired__confirmed_violation,1607,0,yes
CASE_1608,train,70/15/15,Rotterdam-inspired,no_violation,ROT_R05,listed_formulation,cross_border_sale,Rotterdam-inspired__no_violation,1608,0,yes
CASE_1609,train,70/15/15,Rotterdam-inspired,confirmed_violation,ROT_R05,listed_formulation,cross_border_sale,Rotterdam-inspired__confirmed_violation,1609,0,yes
CASE_1610,train,70/15/15,Basel-inspired,confirmed_violation,BAS_R02,waste_solvent,export,Basel-inspired__confirmed_violation,1610,0,yes
CASE_1611,train,70/15/15,Stockholm-inspired,human_review_required,STO_R03,obsolete_pesticide_POP,disposal,Stockholm-inspired__human_review_required,1611,0,yes
CASE_1612,train,70/15/15,Minamata-inspired,probable_violation,MIN_R01,mercury_release,release,Minamata-inspired__probable_violation,1612,0,yes
CASE_1614,train,70/15/15,Rotterdam-inspired,human_review_required,ROT_R05,listed_formulation,cross_border_sale,Rotterdam-inspired__human_review_required,1614,0,yes
CASE_1616,train,70/15/15,Montreal-inspired,probable_violation,MON_R02,CFC_stock,production,Montreal-inspired__probable_violation,1616,0,yes
CASE_1617,train,70/15/15,Minamata-inspired,human_review_required,MIN_R05,mercury_air_emission,release,Minamata-inspired__human_review_required,1617,0,yes
CASE_1618,train,70/15/15,Minamata-inspired,no_violation,MIN_R05,mercury_air_emission,release,Minamata-inspired__no_violation,1618,0,yes
CASE_1619,train,70/15/15,Rotterdam-inspired,insufficient_evidence,ROT_R02,hazardous_chemical,cross_border_sale,Rotterdam-inspired__insufficient_evidence,1619,0,yes
CASE_1620,train,70/15/15,Basel-inspired,no_violation,BAS_R02,waste_solvent,export,Basel-inspired__no_violation,1620,0,yes
CASE_1621,train,70/15/15,Montreal-inspired,no_violation,MON_R01,controlled_ODS,import,Montreal-inspired__no_violation,1621,0,yes
CASE_1623,train,70/15/15,Stockholm-inspired,human_review_required,STO_R01,listed_POP,use,Stockholm-inspired__human_review_required,1623,0,yes
CASE_1624,train,70/15/15,Stockholm-inspired,confirmed_violation,STO_R02,PCB_stock,storage,Stockholm-inspired__confirmed_violation,1624,0,yes
CASE_1625,train,70/15/15,Montreal-inspired,no_violation,MON_R02,CFC_stock,production,Montreal-inspired__no_violation,1625,0,yes
CASE_1626,train,70/15/15,Montreal-inspired,no_violation,MON_R02,CFC_stock,production,Montreal-inspired__no_violation,1626,0,yes
CASE_1627,train,70/15/15,Stockholm-inspired,confirmed_violation,STO_R05,restricted_flame_retardant,use,Stockholm-inspired__confirmed_violation,1627,0,yes
CASE_1628,train,70/15/15,Minamata-inspired,confirmed_violation,MIN_R03,mercury_sludge,storage,Minamata-inspired__confirmed_violation,1628,0,yes
CASE_1629,train,70/15/15,Stockholm-inspired,no_violation,STO_R05,restricted_flame_retardant,use,Stockholm-inspired__no_violation,1629,0,yes
CASE_1630,train,70/15/15,Rotterdam-inspired,no_violation,ROT_R03,industrial_precursor,shipment,Rotterdam-inspired__no_violation,1630,0,yes
CASE_1631,train,70/15/15,Montreal-inspired,insufficient_evidence,MON_R03,HCFC_batch,use,Montreal-inspired__insufficient_evidence,1631,0,yes
CASE_1632,train,70/15/15,Rotterdam-inspired,confirmed_violation,ROT_R05,listed_formulation,cross_border_sale,Rotterdam-inspired__confirmed_violation,1632,0,yes
CASE_1633,train,70/15/15,Montreal-inspired,insufficient_evidence,MON_R05,refrigerant_stock,import,Montreal-inspired__insufficient_evidence,1633,0,yes
CASE_1634,train,70/15/15,Montreal-inspired,confirmed_violation,MON_R01,controlled_ODS,import,Montreal-inspired__confirmed_violation,1634,0,yes
CASE_1635,train,70/15/15,Montreal-inspired,insufficient_evidence,MON_R01,controlled_ODS,import,Montreal-inspired__insufficient_evidence,1635,0,yes
CASE_1636,train,70/15/15,Montreal-inspired,human_review_required,MON_R03,HCFC_batch,use,Montreal-inspired__human_review_required,1636,0,yes
CASE_1637,train,70/15/15,Montreal-inspired,confirmed_violation,MON_R04,ODS_blend,sale,Montreal-inspired__confirmed_violation,1637,0,yes
CASE_1638,train,70/15/15,Montreal-inspired,insufficient_evidence,MON_R05,refrigerant_stock,import,Montreal-inspired__insufficient_evidence,1638,0,yes
CASE_1639,train,70/15/15,Stockholm-inspired,probable_violation,STO_R02,PCB_stock,storage,Stockholm-inspired__probable_violation,1639,0,yes
CASE_1640,train,70/15/15,Minamata-inspired,insufficient_evidence,MIN_R04,mercury_contaminated_effluent,treatment,Minamata-inspired__insufficient_evidence,1640,0,yes
CASE_1642,train,70/15/15,Stockholm-inspired,no_violation,STO_R01,listed_POP,use,Stockholm-inspired__no_violation,1642,0,yes
CASE_1643,train,70/15/15,Stockholm-inspired,confirmed_violation,STO_R03,obsolete_pesticide_POP,disposal,Stockholm-inspired__confirmed_violation,1643,0,yes
CASE_1644,train,70/15/15,Basel-inspired,human_review_required,BAS_R01,hazardous_waste,movement,Basel-inspired__human_review_required,1644,0,yes
CASE_1645,train,70/15/15,Basel-inspired,no_violation,BAS_R02,waste_solvent,export,Basel-inspired__no_violation,1645,0,yes
CASE_1646,train,70/15/15,Basel-inspired,no_violation,BAS_R01,hazardous_waste,movement,Basel-inspired__no_violation,1646,0,yes
CASE_1647,train,70/15/15,Minamata-inspired,probable_violation,MIN_R05,mercury_air_emission,release,Minamata-inspired__probable_violation,1647,0,yes
CASE_1649,train,70/15/15,Rotterdam-inspired,no_violation,ROT_R04,restricted_solvent,export,Rotterdam-inspired__no_violation,1649,0,yes
CASE_1650,train,70/15/15,Basel-inspired,no_violation,BAS_R05,spent_acid,movement,Basel-inspired__no_violation,1650,0,yes
CASE_1651,train,70/15/15,Montreal-inspired,confirmed_violation,MON_R03,HCFC_batch,use,Montreal-inspired__confirmed_violation,1651,0,yes
CASE_1654,train,70/15/15,Rotterdam-inspired,human_review_required,ROT_R03,industrial_precursor,shipment,Rotterdam-inspired__human_review_required,1654,0,yes
CASE_1655,train,70/15/15,Minamata-inspired,human_review_required,MIN_R04,mercury_contaminated_effluent,treatment,Minamata-inspired__human_review_required,1655,0,yes
CASE_1657,train,70/15/15,Montreal-inspired,no_violation,MON_R04,ODS_blend,sale,Montreal-inspired__no_violation,1657,0,yes
CASE_1659,train,70/15/15,Minamata-inspired,no_violation,MIN_R01,mercury_release,release,Minamata-inspired__no_violation,1659,0,yes
CASE_1660,train,70/15/15,Stockholm-inspired,probable_violation,STO_R02,PCB_stock,storage,Stockholm-inspired__probable_violation,1660,0,yes
CASE_1661,train,70/15/15,Basel-inspired,insufficient_evidence,BAS_R01,hazardous_waste,movement,Basel-inspired__insufficient_evidence,1661,0,yes
CASE_1662,train,70/15/15,Stockholm-inspired,confirmed_violation,STO_R01,listed_POP,use,Stockholm-inspired__confirmed_violation,1662,0,yes
CASE_1663,train,70/15/15,Montreal-inspired,confirmed_violation,MON_R03,HCFC_batch,use,Montreal-inspired__confirmed_violation,1663,0,yes
CASE_1664,train,70/15/15,Montreal-inspired,probable_violation,MON_R04,ODS_blend,sale,Montreal-inspired__probable_violation,1664,0,yes
CASE_1668,train,70/15/15,Stockholm-inspired,probable_violation,STO_R04,POP_contaminated_material,treatment,Stockholm-inspired__probable_violation,1668,0,yes
CASE_1669,train,70/15/15,Basel-inspired,confirmed_violation,BAS_R03,contaminated_sludge,transfer,Basel-inspired__confirmed_violation,1669,0,yes
CASE_1671,train,70/15/15,Minamata-inspired,confirmed_violation,MIN_R01,mercury_release,release,Minamata-inspired__confirmed_violation,1671,0,yes
CASE_1673,train,70/15/15,Rotterdam-inspired,insufficient_evidence,ROT_R02,hazardous_chemical,cross_border_sale,Rotterdam-inspired__insufficient_evidence,1673,0,yes
CASE_1674,train,70/15/15,Minamata-inspired,human_review_required,MIN_R05,mercury_air_emission,release,Minamata-inspired__human_review_required,1674,0,yes
CASE_1675,train,70/15/15,Montreal-inspired,no_violation,MON_R03,HCFC_batch,use,Montreal-inspired__no_violation,1675,0,yes
CASE_1677,train,70/15/15,Rotterdam-inspired,insufficient_evidence,ROT_R05,listed_formulation,cross_border_sale,Rotterdam-inspired__insufficient_evidence,1677,0,yes
CASE_1681,train,70/15/15,Basel-inspired,confirmed_violation,BAS_R04,e_waste_residue,disposal_transfer,Basel-inspired__confirmed_violation,1681,0,yes
CASE_1682,train,70/15/15,Stockholm-inspired,probable_violation,STO_R02,PCB_stock,storage,Stockholm-inspired__probable_violation,1682,0,yes
CASE_1683,train,70/15/15,Montreal-inspired,no_violation,MON_R01,controlled_ODS,import,Montreal-inspired__no_violation,1683,0,yes
CASE_1684,train,70/15/15,Rotterdam-inspired,human_review_required,ROT_R01,listed_pesticide,export,Rotterdam-inspired__human_review_required,1684,0,yes
CASE_1686,train,70/15/15,Stockholm-inspired,probable_violation,STO_R01,listed_POP,use,Stockholm-inspired__probable_violation,1686,0,yes
CASE_1687,train,70/15/15,Basel-inspired,confirmed_violation,BAS_R03,contaminated_sludge,transfer,Basel-inspired__confirmed_violation,1687,0,yes
CASE_1688,train,70/15/15,Basel-inspired,probable_violation,BAS_R02,waste_solvent,export,Basel-inspired__probable_violation,1688,0,yes
CASE_1689,train,70/15/15,Basel-inspired,insufficient_evidence,BAS_R02,waste_solvent,export,Basel-inspired__insufficient_evidence,1689,0,yes
CASE_1690,train,70/15/15,Basel-inspired,insufficient_evidence,BAS_R04,e_waste_residue,disposal_transfer,Basel-inspired__insufficient_evidence,1690,0,yes
CASE_1691,train,70/15/15,Montreal-inspired,probable_violation,MON_R04,ODS_blend,sale,Montreal-inspired__probable_violation,1691,0,yes
CASE_1692,train,70/15/15,Rotterdam-inspired,human_review_required,ROT_R05,listed_formulation,cross_border_sale,Rotterdam-inspired__human_review_required,1692,0,yes
CASE_1693,train,70/15/15,Montreal-inspired,insufficient_evidence,MON_R01,controlled_ODS,import,Montreal-inspired__insufficient_evidence,1693,0,yes
CASE_1694,train,70/15/15,Basel-inspired,no_violation,BAS_R01,hazardous_waste,movement,Basel-inspired__no_violation,1694,0,yes
CASE_1696,train,70/15/15,Stockholm-inspired,probable_violation,STO_R01,listed_POP,use,Stockholm-inspired__probable_violation,1696,0,yes
CASE_1698,train,70/15/15,Basel-inspired,no_violation,BAS_R04,e_waste_residue,disposal_transfer,Basel-inspired__no_violation,1698,0,yes
CASE_1699,train,70/15/15,Montreal-inspired,insufficient_evidence,MON_R03,HCFC_batch,use,Montreal-inspired__insufficient_evidence,1699,0,yes
CASE_1700,train,70/15/15,Basel-inspired,no_violation,BAS_R02,waste_solvent,export,Basel-inspired__no_violation,1700,0,yes
CASE_1702,train,70/15/15,Basel-inspired,confirmed_violation,BAS_R02,waste_solvent,export,Basel-inspired__confirmed_violation,1702,0,yes
CASE_1703,train,70/15/15,Basel-inspired,confirmed_violation,BAS_R04,e_waste_residue,disposal_transfer,Basel-inspired__confirmed_violation,1703,0,yes
CASE_1704,train,70/15/15,Montreal-inspired,confirmed_violation,MON_R02,CFC_stock,production,Montreal-inspired__confirmed_violation,1704,0,yes
CASE_1705,train,70/15/15,Montreal-inspired,human_review_required,MON_R04,ODS_blend,sale,Montreal-inspired__human_review_required,1705,0,yes
CASE_1707,train,70/15/15,Basel-inspired,no_violation,BAS_R02,waste_solvent,export,Basel-inspired__no_violation,1707,0,yes
CASE_1708,train,70/15/15,Basel-inspired,no_violation,BAS_R05,spent_acid,movement,Basel-inspired__no_violation,1708,0,yes
CASE_1710,train,70/15/15,Basel-inspired,human_review_required,BAS_R05,spent_acid,movement,Basel-inspired__human_review_required,1710,0,yes
CASE_1711,train,70/15/15,Stockholm-inspired,human_review_required,STO_R05,restricted_flame_retardant,use,Stockholm-inspired__human_review_required,1711,0,yes
CASE_1712,train,70/15/15,Minamata-inspired,probable_violation,MIN_R04,mercury_contaminated_effluent,treatment,Minamata-inspired__probable_violation,1712,0,yes
CASE_1713,train,70/15/15,Basel-inspired,human_review_required,BAS_R04,e_waste_residue,disposal_transfer,Basel-inspired__human_review_required,1713,0,yes
CASE_1714,train,70/15/15,Stockholm-inspired,no_violation,STO_R04,POP_contaminated_material,treatment,Stockholm-inspired__no_violation,1714,0,yes
CASE_1715,train,70/15/15,Minamata-inspired,no_violation,MIN_R01,mercury_release,release,Minamata-inspired__no_violation,1715,0,yes
CASE_1717,train,70/15/15,Stockholm-inspired,no_violation,STO_R02,PCB_stock,storage,Stockholm-inspired__no_violation,1717,0,yes
CASE_1718,train,70/15/15,Minamata-inspired,human_review_required,MIN_R03,mercury_sludge,storage,Minamata-inspired__human_review_required,1718,0,yes
CASE_1719,train,70/15/15,Rotterdam-inspired,no_violation,ROT_R03,industrial_precursor,shipment,Rotterdam-inspired__no_violation,1719,0,yes
CASE_1723,train,70/15/15,Minamata-inspired,insufficient_evidence,MIN_R04,mercury_contaminated_effluent,treatment,Minamata-inspired__insufficient_evidence,1723,0,yes
CASE_1724,train,70/15/15,Minamata-inspired,confirmed_violation,MIN_R01,mercury_release,release,Minamata-inspired__confirmed_violation,1724,0,yes
CASE_1726,train,70/15/15,Rotterdam-inspired,no_violation,ROT_R05,listed_formulation,cross_border_sale,Rotterdam-inspired__no_violation,1726,0,yes
CASE_1727,train,70/15/15,Stockholm-inspired,insufficient_evidence,STO_R01,listed_POP,use,Stockholm-inspired__insufficient_evidence,1727,0,yes
CASE_1728,train,70/15/15,Basel-inspired,confirmed_violation,BAS_R03,contaminated_sludge,transfer,Basel-inspired__confirmed_violation,1728,0,yes
CASE_1733,train,70/15/15,Basel-inspired,confirmed_violation,BAS_R05,spent_acid,movement,Basel-inspired__confirmed_violation,1733,0,yes
CASE_1734,train,70/15/15,Minamata-inspired,probable_violation,MIN_R04,mercury_contaminated_effluent,treatment,Minamata-inspired__probable_violation,1734,0,yes
CASE_1735,train,70/15/15,Montreal-inspired,insufficient_evidence,MON_R05,refrigerant_stock,import,Montreal-inspired__insufficient_evidence,1735,0,yes
CASE_1736,train,70/15/15,Stockholm-inspired,no_violation,STO_R01,listed_POP,use,Stockholm-inspired__no_violation,1736,0,yes
CASE_1738,train,70/15/15,Stockholm-inspired,no_violation,STO_R01,listed_POP,use,Stockholm-inspired__no_violation,1738,0,yes
CASE_1739,train,70/15/15,Basel-inspired,confirmed_violation,BAS_R05,spent_acid,movement,Basel-inspired__confirmed_violation,1739,0,yes
CASE_1740,train,70/15/15,Minamata-inspired,confirmed_violation,MIN_R05,mercury_air_emission,release,Minamata-inspired__confirmed_violation,1740,0,yes
CASE_1741,train,70/15/15,Minamata-inspired,confirmed_violation,MIN_R01,mercury_release,release,Minamata-inspired__confirmed_violation,1741,0,yes
CASE_1742,train,70/15/15,Stockholm-inspired,probable_violation,STO_R02,PCB_stock,storage,Stockholm-inspired__probable_violation,1742,0,yes
CASE_1743,train,70/15/15,Basel-inspired,probable_violation,BAS_R01,hazardous_waste,movement,Basel-inspired__probable_violation,1743,0,yes
CASE_1744,train,70/15/15,Basel-inspired,probable_violation,BAS_R04,e_waste_residue,disposal_transfer,Basel-inspired__probable_violation,1744,0,yes
CASE_1745,train,70/15/15,Basel-inspired,no_violation,BAS_R05,spent_acid,movement,Basel-inspired__no_violation,1745,0,yes
CASE_1746,train,70/15/15,Montreal-inspired,probable_violation,MON_R04,ODS_blend,sale,Montreal-inspired__probable_violation,1746,0,yes
CASE_1752,train,70/15/15,Minamata-inspired,insufficient_evidence,MIN_R02,mercury_waste,waste_handling,Minamata-inspired__insufficient_evidence,1752,0,yes
CASE_1753,train,70/15/15,Basel-inspired,confirmed_violation,BAS_R01,hazardous_waste,movement,Basel-inspired__confirmed_violation,1753,0,yes
CASE_1754,train,70/15/15,Rotterdam-inspired,probable_violation,ROT_R03,industrial_precursor,shipment,Rotterdam-inspired__probable_violation,1754,0,yes
CASE_1755,train,70/15/15,Montreal-inspired,probable_violation,MON_R03,HCFC_batch,use,Montreal-inspired__probable_violation,1755,0,yes
CASE_1756,train,70/15/15,Basel-inspired,human_review_required,BAS_R05,spent_acid,movement,Basel-inspired__human_review_required,1756,0,yes
CASE_1757,train,70/15/15,Rotterdam-inspired,probable_violation,ROT_R01,listed_pesticide,export,Rotterdam-inspired__probable_violation,1757,0,yes
CASE_1758,train,70/15/15,Minamata-inspired,insufficient_evidence,MIN_R05,mercury_air_emission,release,Minamata-inspired__insufficient_evidence,1758,0,yes
CASE_1759,train,70/15/15,Montreal-inspired,confirmed_violation,MON_R03,HCFC_batch,use,Montreal-inspired__confirmed_violation,1759,0,yes
CASE_1762,train,70/15/15,Basel-inspired,no_violation,BAS_R02,waste_solvent,export,Basel-inspired__no_violation,1762,0,yes
CASE_1763,train,70/15/15,Basel-inspired,no_violation,BAS_R01,hazardous_waste,movement,Basel-inspired__no_violation,1763,0,yes
CASE_1764,train,70/15/15,Rotterdam-inspired,confirmed_violation,ROT_R03,industrial_precursor,shipment,Rotterdam-inspired__confirmed_violation,1764,0,yes
CASE_1766,train,70/15/15,Montreal-inspired,confirmed_violation,MON_R04,ODS_blend,sale,Montreal-inspired__confirmed_violation,1766,0,yes
CASE_1767,train,70/15/15,Stockholm-inspired,confirmed_violation,STO_R05,restricted_flame_retardant,use,Stockholm-inspired__confirmed_violation,1767,0,yes
CASE_1768,train,70/15/15,Basel-inspired,confirmed_violation,BAS_R03,contaminated_sludge,transfer,Basel-inspired__confirmed_violation,1768,0,yes
CASE_1769,train,70/15/15,Stockholm-inspired,no_violation,STO_R02,PCB_stock,storage,Stockholm-inspired__no_violation,1769,0,yes
CASE_1770,train,70/15/15,Rotterdam-inspired,insufficient_evidence,ROT_R03,industrial_precursor,shipment,Rotterdam-inspired__insufficient_evidence,1770,0,yes
CASE_1771,train,70/15/15,Basel-inspired,no_violation,BAS_R01,hazardous_waste,movement,Basel-inspired__no_violation,1771,0,yes
CASE_1772,train,70/15/15,Stockholm-inspired,no_violation,STO_R05,restricted_flame_retardant,use,Stockholm-inspired__no_violation,1772,0,yes
CASE_1773,train,70/15/15,Stockholm-inspired,insufficient_evidence,STO_R02,PCB_stock,storage,Stockholm-inspired__insufficient_evidence,1773,0,yes
CASE_1775,train,70/15/15,Montreal-inspired,probable_violation,MON_R02,CFC_stock,production,Montreal-inspired__probable_violation,1775,0,yes
CASE_1777,train,70/15/15,Stockholm-inspired,no_violation,STO_R04,POP_contaminated_material,treatment,Stockholm-inspired__no_violation,1777,0,yes
CASE_1780,train,70/15/15,Rotterdam-inspired,probable_violation,ROT_R03,industrial_precursor,shipment,Rotterdam-inspired__probable_violation,1780,0,yes
CASE_1781,train,70/15/15,Rotterdam-inspired,probable_violation,ROT_R03,industrial_precursor,shipment,Rotterdam-inspired__probable_violation,1781,0,yes
CASE_1782,train,70/15/15,Minamata-inspired,insufficient_evidence,MIN_R01,mercury_release,release,Minamata-inspired__insufficient_evidence,1782,0,yes
CASE_1783,train,70/15/15,Basel-inspired,confirmed_violation,BAS_R05,spent_acid,movement,Basel-inspired__confirmed_violation,1783,0,yes
CASE_1785,train,70/15/15,Minamata-inspired,confirmed_violation,MIN_R05,mercury_air_emission,release,Minamata-inspired__confirmed_violation,1785,0,yes
CASE_1789,train,70/15/15,Minamata-inspired,no_violation,MIN_R01,mercury_release,release,Minamata-inspired__no_violation,1789,0,yes
CASE_1790,train,70/15/15,Basel-inspired,human_review_required,BAS_R04,e_waste_residue,disposal_transfer,Basel-inspired__human_review_required,1790,0,yes
CASE_1791,train,70/15/15,Basel-inspired,human_review_required,BAS_R01,hazardous_waste,movement,Basel-inspired__human_review_required,1791,0,yes
CASE_1792,train,70/15/15,Montreal-inspired,probable_violation,MON_R01,controlled_ODS,import,Montreal-inspired__probable_violation,1792,0,yes
CASE_1794,train,70/15/15,Montreal-inspired,human_review_required,MON_R04,ODS_blend,sale,Montreal-inspired__human_review_required,1794,0,yes
CASE_1795,train,70/15/15,Stockholm-inspired,no_violation,STO_R03,obsolete_pesticide_POP,disposal,Stockholm-inspired__no_violation,1795,0,yes
CASE_1798,train,70/15/15,Rotterdam-inspired,insufficient_evidence,ROT_R04,restricted_solvent,export,Rotterdam-inspired__insufficient_evidence,1798,0,yes
CASE_1799,train,70/15/15,Stockholm-inspired,insufficient_evidence,STO_R04,POP_contaminated_material,treatment,Stockholm-inspired__insufficient_evidence,1799,0,yes
CASE_1800,train,70/15/15,Stockholm-inspired,confirmed_violation,STO_R03,obsolete_pesticide_POP,disposal,Stockholm-inspired__confirmed_violation,1800,0,yes
CASE_1802,train,70/15/15,Stockholm-inspired,insufficient_evidence,STO_R03,obsolete_pesticide_POP,disposal,Stockholm-inspired__insufficient_evidence,1802,0,yes
CASE_1804,train,70/15/15,Stockholm-inspired,probable_violation,STO_R05,restricted_flame_retardant,use,Stockholm-inspired__probable_violation,1804,0,yes
CASE_1805,train,70/15/15,Rotterdam-inspired,no_violation,ROT_R01,listed_pesticide,export,Rotterdam-inspired__no_violation,1805,0,yes
CASE_1806,train,70/15/15,Rotterdam-inspired,confirmed_violation,ROT_R05,listed_formulation,cross_border_sale,Rotterdam-inspired__confirmed_violation,1806,0,yes
CASE_1809,train,70/15/15,Rotterdam-inspired,no_violation,ROT_R05,listed_formulation,cross_border_sale,Rotterdam-inspired__no_violation,1809,0,yes
CASE_1812,train,70/15/15,Montreal-inspired,confirmed_violation,MON_R01,controlled_ODS,import,Montreal-inspired__confirmed_violation,1812,0,yes
CASE_1814,train,70/15/15,Stockholm-inspired,human_review_required,STO_R05,restricted_flame_retardant,use,Stockholm-inspired__human_review_required,1814,0,yes
CASE_1818,train,70/15/15,Minamata-inspired,human_review_required,MIN_R04,mercury_contaminated_effluent,treatment,Minamata-inspired__human_review_required,1818,0,yes
CASE_1819,train,70/15/15,Montreal-inspired,no_violation,MON_R03,HCFC_batch,use,Montreal-inspired__no_violation,1819,0,yes
CASE_1820,train,70/15/15,Stockholm-inspired,insufficient_evidence,STO_R05,restricted_flame_retardant,use,Stockholm-inspired__insufficient_evidence,1820,0,yes
CASE_1822,train,70/15/15,Rotterdam-inspired,human_review_required,ROT_R03,industrial_precursor,shipment,Rotterdam-inspired__human_review_required,1822,0,yes
CASE_1823,train,70/15/15,Montreal-inspired,insufficient_evidence,MON_R02,CFC_stock,production,Montreal-inspired__insufficient_evidence,1823,0,yes
CASE_1824,train,70/15/15,Basel-inspired,human_review_required,BAS_R04,e_waste_residue,disposal_transfer,Basel-inspired__human_review_required,1824,0,yes
CASE_1826,train,70/15/15,Montreal-inspired,no_violation,MON_R01,controlled_ODS,import,Montreal-inspired__no_violation,1826,0,yes
CASE_1827,train,70/15/15,Basel-inspired,confirmed_violation,BAS_R02,waste_solvent,export,Basel-inspired__confirmed_violation,1827,0,yes
CASE_1828,train,70/15/15,Rotterdam-inspired,confirmed_violation,ROT_R03,industrial_precursor,shipment,Rotterdam-inspired__confirmed_violation,1828,0,yes
CASE_1829,train,70/15/15,Stockholm-inspired,confirmed_violation,STO_R01,listed_POP,use,Stockholm-inspired__confirmed_violation,1829,0,yes
CASE_1830,train,70/15/15,Minamata-inspired,no_violation,MIN_R01,mercury_release,release,Minamata-inspired__no_violation,1830,0,yes
CASE_1831,train,70/15/15,Minamata-inspired,probable_violation,MIN_R02,mercury_waste,waste_handling,Minamata-inspired__probable_violation,1831,0,yes
CASE_1833,train,70/15/15,Minamata-inspired,human_review_required,MIN_R02,mercury_waste,waste_handling,Minamata-inspired__human_review_required,1833,0,yes
CASE_1834,train,70/15/15,Montreal-inspired,no_violation,MON_R03,HCFC_batch,use,Montreal-inspired__no_violation,1834,0,yes
CASE_1835,train,70/15/15,Rotterdam-inspired,probable_violation,ROT_R02,hazardous_chemical,cross_border_sale,Rotterdam-inspired__probable_violation,1835,0,yes
CASE_1837,train,70/15/15,Minamata-inspired,no_violation,MIN_R05,mercury_air_emission,release,Minamata-inspired__no_violation,1837,0,yes
CASE_1839,train,70/15/15,Stockholm-inspired,probable_violation,STO_R01,listed_POP,use,Stockholm-inspired__probable_violation,1839,0,yes
CASE_1841,train,70/15/15,Stockholm-inspired,human_review_required,STO_R01,listed_POP,use,Stockholm-inspired__human_review_required,1841,0,yes
CASE_1842,train,70/15/15,Basel-inspired,no_violation,BAS_R01,hazardous_waste,movement,Basel-inspired__no_violation,1842,0,yes
CASE_1843,train,70/15/15,Basel-inspired,probable_violation,BAS_R04,e_waste_residue,disposal_transfer,Basel-inspired__probable_violation,1843,0,yes
CASE_1845,train,70/15/15,Basel-inspired,insufficient_evidence,BAS_R03,contaminated_sludge,transfer,Basel-inspired__insufficient_evidence,1845,0,yes
CASE_1846,train,70/15/15,Minamata-inspired,confirmed_violation,MIN_R04,mercury_contaminated_effluent,treatment,Minamata-inspired__confirmed_violation,1846,0,yes
CASE_1847,train,70/15/15,Minamata-inspired,insufficient_evidence,MIN_R04,mercury_contaminated_effluent,treatment,Minamata-inspired__insufficient_evidence,1847,0,yes
CASE_1848,train,70/15/15,Minamata-inspired,human_review_required,MIN_R05,mercury_air_emission,release,Minamata-inspired__human_review_required,1848,0,yes
CASE_1851,train,70/15/15,Stockholm-inspired,insufficient_evidence,STO_R04,POP_contaminated_material,treatment,Stockholm-inspired__insufficient_evidence,1851,0,yes
CASE_1852,train,70/15/15,Montreal-inspired,human_review_required,MON_R02,CFC_stock,production,Montreal-inspired__human_review_required,1852,0,yes
CASE_1853,train,70/15/15,Montreal-inspired,probable_violation,MON_R02,CFC_stock,production,Montreal-inspired__probable_violation,1853,0,yes
CASE_1855,train,70/15/15,Basel-inspired,probable_violation,BAS_R03,contaminated_sludge,transfer,Basel-inspired__probable_violation,1855,0,yes
CASE_1856,train,70/15/15,Stockholm-inspired,confirmed_violation,STO_R02,PCB_stock,storage,Stockholm-inspired__confirmed_violation,1856,0,yes
CASE_1857,train,70/15/15,Basel-inspired,insufficient_evidence,BAS_R04,e_waste_residue,disposal_transfer,Basel-inspired__insufficient_evidence,1857,0,yes
CASE_1858,train,70/15/15,Rotterdam-inspired,insufficient_evidence,ROT_R05,listed_formulation,cross_border_sale,Rotterdam-inspired__insufficient_evidence,1858,0,yes
CASE_1859,train,70/15/15,Minamata-inspired,no_violation,MIN_R01,mercury_release,release,Minamata-inspired__no_violation,1859,0,yes
CASE_1860,train,70/15/15,Rotterdam-inspired,no_violation,ROT_R02,hazardous_chemical,cross_border_sale,Rotterdam-inspired__no_violation,1860,0,yes
CASE_1861,train,70/15/15,Minamata-inspired,insufficient_evidence,MIN_R01,mercury_release,release,Minamata-inspired__insufficient_evidence,1861,0,yes
CASE_1864,train,70/15/15,Basel-inspired,insufficient_evidence,BAS_R04,e_waste_residue,disposal_transfer,Basel-inspired__insufficient_evidence,1864,0,yes
CASE_1866,train,70/15/15,Basel-inspired,confirmed_violation,BAS_R02,waste_solvent,export,Basel-inspired__confirmed_violation,1866,0,yes
CASE_1867,train,70/15/15,Rotterdam-inspired,no_violation,ROT_R04,restricted_solvent,export,Rotterdam-inspired__no_violation,1867,0,yes
CASE_1868,train,70/15/15,Stockholm-inspired,probable_violation,STO_R03,obsolete_pesticide_POP,disposal,Stockholm-inspired__probable_violation,1868,0,yes
CASE_1869,train,70/15/15,Montreal-inspired,confirmed_violation,MON_R05,refrigerant_stock,import,Montreal-inspired__confirmed_violation,1869,0,yes
CASE_1871,train,70/15/15,Montreal-inspired,no_violation,MON_R01,controlled_ODS,import,Montreal-inspired__no_violation,1871,0,yes
CASE_1874,train,70/15/15,Stockholm-inspired,probable_violation,STO_R05,restricted_flame_retardant,use,Stockholm-inspired__probable_violation,1874,0,yes
CASE_1875,train,70/15/15,Rotterdam-inspired,no_violation,ROT_R05,listed_formulation,cross_border_sale,Rotterdam-inspired__no_violation,1875,0,yes
CASE_1876,train,70/15/15,Rotterdam-inspired,human_review_required,ROT_R05,listed_formulation,cross_border_sale,Rotterdam-inspired__human_review_required,1876,0,yes
CASE_1877,train,70/15/15,Basel-inspired,probable_violation,BAS_R02,waste_solvent,export,Basel-inspired__probable_violation,1877,0,yes
CASE_1878,train,70/15/15,Montreal-inspired,insufficient_evidence,MON_R01,controlled_ODS,import,Montreal-inspired__insufficient_evidence,1878,0,yes
CASE_1879,train,70/15/15,Stockholm-inspired,human_review_required,STO_R03,obsolete_pesticide_POP,disposal,Stockholm-inspired__human_review_required,1879,0,yes
CASE_1881,train,70/15/15,Montreal-inspired,no_violation,MON_R01,controlled_ODS,import,Montreal-inspired__no_violation,1881,0,yes
CASE_1882,train,70/15/15,Stockholm-inspired,probable_violation,STO_R04,POP_contaminated_material,treatment,Stockholm-inspired__probable_violation,1882,0,yes
CASE_1884,train,70/15/15,Minamata-inspired,no_violation,MIN_R02,mercury_waste,waste_handling,Minamata-inspired__no_violation,1884,0,yes
CASE_1885,train,70/15/15,Basel-inspired,no_violation,BAS_R02,waste_solvent,export,Basel-inspired__no_violation,1885,0,yes
CASE_1887,train,70/15/15,Montreal-inspired,no_violation,MON_R03,HCFC_batch,use,Montreal-inspired__no_violation,1887,0,yes
CASE_1888,train,70/15/15,Montreal-inspired,no_violation,MON_R05,refrigerant_stock,import,Montreal-inspired__no_violation,1888,0,yes
CASE_1889,train,70/15/15,Montreal-inspired,probable_violation,MON_R02,CFC_stock,production,Montreal-inspired__probable_violation,1889,0,yes
CASE_1890,train,70/15/15,Minamata-inspired,probable_violation,MIN_R02,mercury_waste,waste_handling,Minamata-inspired__probable_violation,1890,0,yes
CASE_1891,train,70/15/15,Montreal-inspired,confirmed_violation,MON_R02,CFC_stock,production,Montreal-inspired__confirmed_violation,1891,0,yes
CASE_1892,train,70/15/15,Stockholm-inspired,no_violation,STO_R05,restricted_flame_retardant,use,Stockholm-inspired__no_violation,1892,0,yes
CASE_1895,train,70/15/15,Basel-inspired,probable_violation,BAS_R02,waste_solvent,export,Basel-inspired__probable_violation,1895,0,yes
CASE_1896,train,70/15/15,Montreal-inspired,human_review_required,MON_R04,ODS_blend,sale,Montreal-inspired__human_review_required,1896,0,yes
CASE_1898,train,70/15/15,Minamata-inspired,confirmed_violation,MIN_R05,mercury_air_emission,release,Minamata-inspired__confirmed_violation,1898,0,yes
CASE_1903,train,70/15/15,Basel-inspired,human_review_required,BAS_R01,hazardous_waste,movement,Basel-inspired__human_review_required,1903,0,yes
CASE_1906,train,70/15/15,Basel-inspired,human_review_required,BAS_R04,e_waste_residue,disposal_transfer,Basel-inspired__human_review_required,1906,0,yes
CASE_1907,train,70/15/15,Montreal-inspired,no_violation,MON_R02,CFC_stock,production,Montreal-inspired__no_violation,1907,0,yes
CASE_1908,train,70/15/15,Minamata-inspired,human_review_required,MIN_R03,mercury_sludge,storage,Minamata-inspired__human_review_required,1908,0,yes
CASE_1909,train,70/15/15,Stockholm-inspired,probable_violation,STO_R04,POP_contaminated_material,treatment,Stockholm-inspired__probable_violation,1909,0,yes
CASE_1910,train,70/15/15,Rotterdam-inspired,no_violation,ROT_R05,listed_formulation,cross_border_sale,Rotterdam-inspired__no_violation,1910,0,yes
CASE_1912,train,70/15/15,Stockholm-inspired,probable_violation,STO_R04,POP_contaminated_material,treatment,Stockholm-inspired__probable_violation,1912,0,yes
CASE_1913,train,70/15/15,Minamata-inspired,probable_violation,MIN_R04,mercury_contaminated_effluent,treatment,Minamata-inspired__probable_violation,1913,0,yes
CASE_1914,train,70/15/15,Montreal-inspired,confirmed_violation,MON_R02,CFC_stock,production,Montreal-inspired__confirmed_violation,1914,0,yes
CASE_1917,train,70/15/15,Montreal-inspired,confirmed_violation,MON_R05,refrigerant_stock,import,Montreal-inspired__confirmed_violation,1917,0,yes
CASE_1918,train,70/15/15,Minamata-inspired,confirmed_violation,MIN_R01,mercury_release,release,Minamata-inspired__confirmed_violation,1918,0,yes
CASE_1919,train,70/15/15,Montreal-inspired,insufficient_evidence,MON_R04,ODS_blend,sale,Montreal-inspired__insufficient_evidence,1919,0,yes
CASE_1920,train,70/15/15,Basel-inspired,human_review_required,BAS_R01,hazardous_waste,movement,Basel-inspired__human_review_required,1920,0,yes
CASE_1921,train,70/15/15,Basel-inspired,insufficient_evidence,BAS_R02,waste_solvent,export,Basel-inspired__insufficient_evidence,1921,0,yes
CASE_1922,train,70/15/15,Minamata-inspired,confirmed_violation,MIN_R04,mercury_contaminated_effluent,treatment,Minamata-inspired__confirmed_violation,1922,0,yes
CASE_1923,train,70/15/15,Stockholm-inspired,human_review_required,STO_R05,restricted_flame_retardant,use,Stockholm-inspired__human_review_required,1923,0,yes
CASE_1925,train,70/15/15,Basel-inspired,confirmed_violation,BAS_R03,contaminated_sludge,transfer,Basel-inspired__confirmed_violation,1925,0,yes
CASE_1929,train,70/15/15,Rotterdam-inspired,insufficient_evidence,ROT_R05,listed_formulation,cross_border_sale,Rotterdam-inspired__insufficient_evidence,1929,0,yes
CASE_1930,train,70/15/15,Rotterdam-inspired,no_violation,ROT_R04,restricted_solvent,export,Rotterdam-inspired__no_violation,1930,0,yes
CASE_1931,train,70/15/15,Rotterdam-inspired,probable_violation,ROT_R04,restricted_solvent,export,Rotterdam-inspired__probable_violation,1931,0,yes
CASE_1933,train,70/15/15,Minamata-inspired,probable_violation,MIN_R04,mercury_contaminated_effluent,treatment,Minamata-inspired__probable_violation,1933,0,yes
CASE_1934,train,70/15/15,Basel-inspired,probable_violation,BAS_R05,spent_acid,movement,Basel-inspired__probable_violation,1934,0,yes
CASE_1935,train,70/15/15,Rotterdam-inspired,confirmed_violation,ROT_R05,listed_formulation,cross_border_sale,Rotterdam-inspired__confirmed_violation,1935,0,yes
CASE_1938,train,70/15/15,Basel-inspired,insufficient_evidence,BAS_R04,e_waste_residue,disposal_transfer,Basel-inspired__insufficient_evidence,1938,0,yes
CASE_1940,train,70/15/15,Stockholm-inspired,confirmed_violation,STO_R02,PCB_stock,storage,Stockholm-inspired__confirmed_violation,1940,0,yes
CASE_1942,train,70/15/15,Basel-inspired,insufficient_evidence,BAS_R02,waste_solvent,export,Basel-inspired__insufficient_evidence,1942,0,yes
CASE_1943,train,70/15/15,Minamata-inspired,human_review_required,MIN_R05,mercury_air_emission,release,Minamata-inspired__human_review_required,1943,0,yes
CASE_1944,train,70/15/15,Minamata-inspired,no_violation,MIN_R04,mercury_contaminated_effluent,treatment,Minamata-inspired__no_violation,1944,0,yes
CASE_1946,train,70/15/15,Basel-inspired,probable_violation,BAS_R02,waste_solvent,export,Basel-inspired__probable_violation,1946,0,yes
CASE_1947,train,70/15/15,Rotterdam-inspired,no_violation,ROT_R01,listed_pesticide,export,Rotterdam-inspired__no_violation,1947,0,yes
CASE_1949,train,70/15/15,Minamata-inspired,insufficient_evidence,MIN_R02,mercury_waste,waste_handling,Minamata-inspired__insufficient_evidence,1949,0,yes
CASE_1950,train,70/15/15,Rotterdam-inspired,probable_violation,ROT_R02,hazardous_chemical,cross_border_sale,Rotterdam-inspired__probable_violation,1950,0,yes
CASE_1951,train,70/15/15,Montreal-inspired,probable_violation,MON_R05,refrigerant_stock,import,Montreal-inspired__probable_violation,1951,0,yes
CASE_1952,train,70/15/15,Basel-inspired,probable_violation,BAS_R04,e_waste_residue,disposal_transfer,Basel-inspired__probable_violation,1952,0,yes
CASE_1953,train,70/15/15,Minamata-inspired,no_violation,MIN_R05,mercury_air_emission,release,Minamata-inspired__no_violation,1953,0,yes
CASE_1954,train,70/15/15,Stockholm-inspired,confirmed_violation,STO_R01,listed_POP,use,Stockholm-inspired__confirmed_violation,1954,0,yes
CASE_1955,train,70/15/15,Basel-inspired,no_violation,BAS_R03,contaminated_sludge,transfer,Basel-inspired__no_violation,1955,0,yes
CASE_1956,train,70/15/15,Montreal-inspired,confirmed_violation,MON_R01,controlled_ODS,import,Montreal-inspired__confirmed_violation,1956,0,yes
CASE_1958,train,70/15/15,Stockholm-inspired,confirmed_violation,STO_R04,POP_contaminated_material,treatment,Stockholm-inspired__confirmed_violation,1958,0,yes
CASE_1959,train,70/15/15,Minamata-inspired,no_violation,MIN_R01,mercury_release,release,Minamata-inspired__no_violation,1959,0,yes
CASE_1960,train,70/15/15,Basel-inspired,insufficient_evidence,BAS_R03,contaminated_sludge,transfer,Basel-inspired__insufficient_evidence,1960,0,yes
CASE_1962,train,70/15/15,Montreal-inspired,probable_violation,MON_R04,ODS_blend,sale,Montreal-inspired__probable_violation,1962,0,yes
CASE_1964,train,70/15/15,Basel-inspired,confirmed_violation,BAS_R05,spent_acid,movement,Basel-inspired__confirmed_violation,1964,0,yes
CASE_1967,train,70/15/15,Basel-inspired,no_violation,BAS_R04,e_waste_residue,disposal_transfer,Basel-inspired__no_violation,1967,0,yes
CASE_1969,train,70/15/15,Rotterdam-inspired,human_review_required,ROT_R03,industrial_precursor,shipment,Rotterdam-inspired__human_review_required,1969,0,yes
CASE_1970,train,70/15/15,Montreal-inspired,human_review_required,MON_R01,controlled_ODS,import,Montreal-inspired__human_review_required,1970,0,yes
CASE_1971,train,70/15/15,Rotterdam-inspired,human_review_required,ROT_R03,industrial_precursor,shipment,Rotterdam-inspired__human_review_required,1971,0,yes
CASE_1972,train,70/15/15,Basel-inspired,no_violation,BAS_R03,contaminated_sludge,transfer,Basel-inspired__no_violation,1972,0,yes
CASE_1974,train,70/15/15,Stockholm-inspired,confirmed_violation,STO_R01,listed_POP,use,Stockholm-inspired__confirmed_violation,1974,0,yes
CASE_1976,train,70/15/15,Minamata-inspired,human_review_required,MIN_R01,mercury_release,release,Minamata-inspired__human_review_required,1976,0,yes
CASE_1978,train,70/15/15,Basel-inspired,insufficient_evidence,BAS_R03,contaminated_sludge,transfer,Basel-inspired__insufficient_evidence,1978,0,yes
CASE_1980,train,70/15/15,Minamata-inspired,confirmed_violation,MIN_R04,mercury_contaminated_effluent,treatment,Minamata-inspired__confirmed_violation,1980,0,yes
CASE_1981,train,70/15/15,Basel-inspired,confirmed_violation,BAS_R02,waste_solvent,export,Basel-inspired__confirmed_violation,1981,0,yes
CASE_1982,train,70/15/15,Stockholm-inspired,probable_violation,STO_R05,restricted_flame_retardant,use,Stockholm-inspired__probable_violation,1982,0,yes
CASE_1983,train,70/15/15,Stockholm-inspired,insufficient_evidence,STO_R04,POP_contaminated_material,treatment,Stockholm-inspired__insufficient_evidence,1983,0,yes
CASE_1984,train,70/15/15,Minamata-inspired,confirmed_violation,MIN_R03,mercury_sludge,storage,Minamata-inspired__confirmed_violation,1984,0,yes
CASE_1985,train,70/15/15,Rotterdam-inspired,confirmed_violation,ROT_R05,listed_formulation,cross_border_sale,Rotterdam-inspired__confirmed_violation,1985,0,yes
CASE_1986,train,70/15/15,Montreal-inspired,no_violation,MON_R01,controlled_ODS,import,Montreal-inspired__no_violation,1986,0,yes
CASE_1988,train,70/15/15,Montreal-inspired,confirmed_violation,MON_R01,controlled_ODS,import,Montreal-inspired__confirmed_violation,1988,0,yes
CASE_1992,train,70/15/15,Basel-inspired,confirmed_violation,BAS_R03,contaminated_sludge,transfer,Basel-inspired__confirmed_violation,1992,0,yes
CASE_1993,train,70/15/15,Basel-inspired,confirmed_violation,BAS_R02,waste_solvent,export,Basel-inspired__confirmed_violation,1993,0,yes
CASE_1994,train,70/15/15,Stockholm-inspired,probable_violation,STO_R02,PCB_stock,storage,Stockholm-inspired__probable_violation,1994,0,yes
CASE_1996,train,70/15/15,Basel-inspired,insufficient_evidence,BAS_R02,waste_solvent,export,Basel-inspired__insufficient_evidence,1996,0,yes
CASE_1998,train,70/15/15,Minamata-inspired,probable_violation,MIN_R03,mercury_sludge,storage,Minamata-inspired__probable_violation,1998,0,yes
CASE_1999,train,70/15/15,Basel-inspired,human_review_required,BAS_R05,spent_acid,movement,Basel-inspired__human_review_required,1999,0,yes
CASE_2000,train,70/15/15,Stockholm-inspired,human_review_required,STO_R04,POP_contaminated_material,treatment,Stockholm-inspired__human_review_required,2000,0,yes
CASE_2001,train,70/15/15,Basel-inspired,confirmed_violation,BAS_R03,contaminated_sludge,transfer,Basel-inspired__confirmed_violation,2001,0,yes
CASE_2002,train,70/15/15,Rotterdam-inspired,no_violation,ROT_R03,industrial_precursor,shipment,Rotterdam-inspired__no_violation,2002,0,yes
CASE_2003,train,70/15/15,Montreal-inspired,insufficient_evidence,MON_R03,HCFC_batch,use,Montreal-inspired__insufficient_evidence,2003,0,yes
CASE_2004,train,70/15/15,Montreal-inspired,confirmed_violation,MON_R03,HCFC_batch,use,Montreal-inspired__confirmed_violation,2004,0,yes
CASE_2007,train,70/15/15,Stockholm-inspired,human_review_required,STO_R03,obsolete_pesticide_POP,disposal,Stockholm-inspired__human_review_required,2007,0,yes
CASE_2009,train,70/15/15,Minamata-inspired,confirmed_violation,MIN_R01,mercury_release,release,Minamata-inspired__confirmed_violation,2009,0,yes
CASE_2011,train,70/15/15,Basel-inspired,insufficient_evidence,BAS_R03,contaminated_sludge,transfer,Basel-inspired__insufficient_evidence,2011,0,yes
CASE_2012,train,70/15/15,Montreal-inspired,confirmed_violation,MON_R05,refrigerant_stock,import,Montreal-inspired__confirmed_violation,2012,0,yes
CASE_2014,train,70/15/15,Basel-inspired,human_review_required,BAS_R04,e_waste_residue,disposal_transfer,Basel-inspired__human_review_required,2014,0,yes
CASE_2015,train,70/15/15,Minamata-inspired,probable_violation,MIN_R05,mercury_air_emission,release,Minamata-inspired__probable_violation,2015,0,yes
CASE_2016,train,70/15/15,Stockholm-inspired,human_review_required,STO_R01,listed_POP,use,Stockholm-inspired__human_review_required,2016,0,yes
CASE_2017,train,70/15/15,Minamata-inspired,human_review_required,MIN_R03,mercury_sludge,storage,Minamata-inspired__human_review_required,2017,0,yes
CASE_2019,train,70/15/15,Basel-inspired,insufficient_evidence,BAS_R01,hazardous_waste,movement,Basel-inspired__insufficient_evidence,2019,0,yes
CASE_2020,train,70/15/15,Stockholm-inspired,probable_violation,STO_R01,listed_POP,use,Stockholm-inspired__probable_violation,2020,0,yes
CASE_2021,train,70/15/15,Basel-inspired,human_review_required,BAS_R04,e_waste_residue,disposal_transfer,Basel-inspired__human_review_required,2021,0,yes
CASE_2022,train,70/15/15,Rotterdam-inspired,confirmed_violation,ROT_R02,hazardous_chemical,cross_border_sale,Rotterdam-inspired__confirmed_violation,2022,0,yes
CASE_2026,train,70/15/15,Minamata-inspired,no_violation,MIN_R01,mercury_release,release,Minamata-inspired__no_violation,2026,0,yes
CASE_2027,train,70/15/15,Stockholm-inspired,human_review_required,STO_R01,listed_POP,use,Stockholm-inspired__human_review_required,2027,0,yes
CASE_2028,train,70/15/15,Stockholm-inspired,probable_violation,STO_R02,PCB_stock,storage,Stockholm-inspired__probable_violation,2028,0,yes
CASE_2029,train,70/15/15,Minamata-inspired,confirmed_violation,MIN_R05,mercury_air_emission,release,Minamata-inspired__confirmed_violation,2029,0,yes
CASE_2030,train,70/15/15,Minamata-inspired,confirmed_violation,MIN_R02,mercury_waste,waste_handling,Minamata-inspired__confirmed_violation,2030,0,yes
CASE_2031,train,70/15/15,Montreal-inspired,confirmed_violation,MON_R01,controlled_ODS,import,Montreal-inspired__confirmed_violation,2031,0,yes
CASE_2032,train,70/15/15,Montreal-inspired,confirmed_violation,MON_R04,ODS_blend,sale,Montreal-inspired__confirmed_violation,2032,0,yes
CASE_2033,train,70/15/15,Stockholm-inspired,confirmed_violation,STO_R02,PCB_stock,storage,Stockholm-inspired__confirmed_violation,2033,0,yes
CASE_2035,train,70/15/15,Stockholm-inspired,probable_violation,STO_R04,POP_contaminated_material,treatment,Stockholm-inspired__probable_violation,2035,0,yes
CASE_2036,train,70/15/15,Rotterdam-inspired,insufficient_evidence,ROT_R05,listed_formulation,cross_border_sale,Rotterdam-inspired__insufficient_evidence,2036,0,yes
CASE_2037,train,70/15/15,Stockholm-inspired,probable_violation,STO_R01,listed_POP,use,Stockholm-inspired__probable_violation,2037,0,yes
CASE_2038,train,70/15/15,Minamata-inspired,insufficient_evidence,MIN_R01,mercury_release,release,Minamata-inspired__insufficient_evidence,2038,0,yes
CASE_2039,train,70/15/15,Stockholm-inspired,no_violation,STO_R04,POP_contaminated_material,treatment,Stockholm-inspired__no_violation,2039,0,yes
CASE_2041,train,70/15/15,Stockholm-inspired,insufficient_evidence,STO_R02,PCB_stock,storage,Stockholm-inspired__insufficient_evidence,2041,0,yes
CASE_2042,train,70/15/15,Montreal-inspired,human_review_required,MON_R01,controlled_ODS,import,Montreal-inspired__human_review_required,2042,0,yes
CASE_2043,train,70/15/15,Rotterdam-inspired,probable_violation,ROT_R05,listed_formulation,cross_border_sale,Rotterdam-inspired__probable_violation,2043,0,yes
CASE_2046,train,70/15/15,Stockholm-inspired,confirmed_violation,STO_R01,listed_POP,use,Stockholm-inspired__confirmed_violation,2046,0,yes
CASE_2048,train,70/15/15,Basel-inspired,confirmed_violation,BAS_R01,hazardous_waste,movement,Basel-inspired__confirmed_violation,2048,0,yes
CASE_2049,train,70/15/15,Rotterdam-inspired,human_review_required,ROT_R03,industrial_precursor,shipment,Rotterdam-inspired__human_review_required,2049,0,yes
CASE_2051,train,70/15/15,Basel-inspired,no_violation,BAS_R01,hazardous_waste,movement,Basel-inspired__no_violation,2051,0,yes
CASE_2056,train,70/15/15,Montreal-inspired,probable_violation,MON_R05,refrigerant_stock,import,Montreal-inspired__probable_violation,2056,0,yes
CASE_2058,train,70/15/15,Minamata-inspired,insufficient_evidence,MIN_R03,mercury_sludge,storage,Minamata-inspired__insufficient_evidence,2058,0,yes
CASE_2059,train,70/15/15,Minamata-inspired,confirmed_violation,MIN_R04,mercury_contaminated_effluent,treatment,Minamata-inspired__confirmed_violation,2059,0,yes
CASE_2061,train,70/15/15,Minamata-inspired,confirmed_violation,MIN_R02,mercury_waste,waste_handling,Minamata-inspired__confirmed_violation,2061,0,yes
CASE_2062,train,70/15/15,Rotterdam-inspired,probable_violation,ROT_R05,listed_formulation,cross_border_sale,Rotterdam-inspired__probable_violation,2062,0,yes
CASE_2063,train,70/15/15,Stockholm-inspired,confirmed_violation,STO_R05,restricted_flame_retardant,use,Stockholm-inspired__confirmed_violation,2063,0,yes
CASE_2064,train,70/15/15,Stockholm-inspired,human_review_required,STO_R03,obsolete_pesticide_POP,disposal,Stockholm-inspired__human_review_required,2064,0,yes
CASE_2070,train,70/15/15,Montreal-inspired,confirmed_violation,MON_R04,ODS_blend,sale,Montreal-inspired__confirmed_violation,2070,0,yes
CASE_2071,train,70/15/15,Rotterdam-inspired,no_violation,ROT_R05,listed_formulation,cross_border_sale,Rotterdam-inspired__no_violation,2071,0,yes
CASE_2073,train,70/15/15,Stockholm-inspired,probable_violation,STO_R04,POP_contaminated_material,treatment,Stockholm-inspired__probable_violation,2073,0,yes
CASE_2074,train,70/15/15,Montreal-inspired,no_violation,MON_R02,CFC_stock,production,Montreal-inspired__no_violation,2074,0,yes
CASE_2075,train,70/15/15,Stockholm-inspired,confirmed_violation,STO_R02,PCB_stock,storage,Stockholm-inspired__confirmed_violation,2075,0,yes
CASE_2077,train,70/15/15,Stockholm-inspired,insufficient_evidence,STO_R03,obsolete_pesticide_POP,disposal,Stockholm-inspired__insufficient_evidence,2077,0,yes
CASE_2078,train,70/15/15,Montreal-inspired,no_violation,MON_R02,CFC_stock,production,Montreal-inspired__no_violation,2078,0,yes
CASE_2079,train,70/15/15,Minamata-inspired,human_review_required,MIN_R05,mercury_air_emission,release,Minamata-inspired__human_review_required,2079,0,yes
CASE_2080,train,70/15/15,Basel-inspired,no_violation,BAS_R05,spent_acid,movement,Basel-inspired__no_violation,2080,0,yes
CASE_2082,train,70/15/15,Montreal-inspired,no_violation,MON_R04,ODS_blend,sale,Montreal-inspired__no_violation,2082,0,yes
CASE_2085,train,70/15/15,Rotterdam-inspired,confirmed_violation,ROT_R05,listed_formulation,cross_border_sale,Rotterdam-inspired__confirmed_violation,2085,0,yes
CASE_2087,train,70/15/15,Stockholm-inspired,confirmed_violation,STO_R01,listed_POP,use,Stockholm-inspired__confirmed_violation,2087,0,yes
CASE_2090,train,70/15/15,Basel-inspired,confirmed_violation,BAS_R05,spent_acid,movement,Basel-inspired__confirmed_violation,2090,0,yes
CASE_2092,train,70/15/15,Minamata-inspired,human_review_required,MIN_R05,mercury_air_emission,release,Minamata-inspired__human_review_required,2092,0,yes
CASE_2093,train,70/15/15,Rotterdam-inspired,probable_violation,ROT_R01,listed_pesticide,export,Rotterdam-inspired__probable_violation,2093,0,yes
CASE_2095,train,70/15/15,Basel-inspired,no_violation,BAS_R04,e_waste_residue,disposal_transfer,Basel-inspired__no_violation,2095,0,yes
CASE_2096,train,70/15/15,Minamata-inspired,probable_violation,MIN_R03,mercury_sludge,storage,Minamata-inspired__probable_violation,2096,0,yes
CASE_2098,train,70/15/15,Minamata-inspired,confirmed_violation,MIN_R03,mercury_sludge,storage,Minamata-inspired__confirmed_violation,2098,0,yes
CASE_2099,train,70/15/15,Minamata-inspired,probable_violation,MIN_R05,mercury_air_emission,release,Minamata-inspired__probable_violation,2099,0,yes
CASE_2100,train,70/15/15,Stockholm-inspired,insufficient_evidence,STO_R01,listed_POP,use,Stockholm-inspired__insufficient_evidence,2100,0,yes
CASE_2101,train,70/15/15,Rotterdam-inspired,probable_violation,ROT_R05,listed_formulation,cross_border_sale,Rotterdam-inspired__probable_violation,2101,0,yes
CASE_2102,train,70/15/15,Minamata-inspired,confirmed_violation,MIN_R02,mercury_waste,waste_handling,Minamata-inspired__confirmed_violation,2102,0,yes
CASE_2104,train,70/15/15,Minamata-inspired,confirmed_violation,MIN_R01,mercury_release,release,Minamata-inspired__confirmed_violation,2104,0,yes
CASE_2105,train,70/15/15,Rotterdam-inspired,insufficient_evidence,ROT_R03,industrial_precursor,shipment,Rotterdam-inspired__insufficient_evidence,2105,0,yes
CASE_2106,train,70/15/15,Basel-inspired,confirmed_violation,BAS_R03,contaminated_sludge,transfer,Basel-inspired__confirmed_violation,2106,0,yes
CASE_2108,train,70/15/15,Basel-inspired,probable_violation,BAS_R03,contaminated_sludge,transfer,Basel-inspired__probable_violation,2108,0,yes
CASE_2109,train,70/15/15,Minamata-inspired,confirmed_violation,MIN_R01,mercury_release,release,Minamata-inspired__confirmed_violation,2109,0,yes
CASE_2111,train,70/15/15,Stockholm-inspired,no_violation,STO_R05,restricted_flame_retardant,use,Stockholm-inspired__no_violation,2111,0,yes
CASE_2112,train,70/15/15,Basel-inspired,confirmed_violation,BAS_R04,e_waste_residue,disposal_transfer,Basel-inspired__confirmed_violation,2112,0,yes
CASE_2114,train,70/15/15,Rotterdam-inspired,confirmed_violation,ROT_R01,listed_pesticide,export,Rotterdam-inspired__confirmed_violation,2114,0,yes
CASE_2115,train,70/15/15,Montreal-inspired,probable_violation,MON_R04,ODS_blend,sale,Montreal-inspired__probable_violation,2115,0,yes
CASE_2116,train,70/15/15,Montreal-inspired,probable_violation,MON_R02,CFC_stock,production,Montreal-inspired__probable_violation,2116,0,yes
CASE_2117,train,70/15/15,Montreal-inspired,no_violation,MON_R01,controlled_ODS,import,Montreal-inspired__no_violation,2117,0,yes
CASE_2118,train,70/15/15,Minamata-inspired,confirmed_violation,MIN_R05,mercury_air_emission,release,Minamata-inspired__confirmed_violation,2118,0,yes
CASE_2121,train,70/15/15,Montreal-inspired,confirmed_violation,MON_R05,refrigerant_stock,import,Montreal-inspired__confirmed_violation,2121,0,yes
CASE_2123,train,70/15/15,Montreal-inspired,no_violation,MON_R01,controlled_ODS,import,Montreal-inspired__no_violation,2123,0,yes
CASE_2126,train,70/15/15,Minamata-inspired,confirmed_violation,MIN_R03,mercury_sludge,storage,Minamata-inspired__confirmed_violation,2126,0,yes
CASE_2127,train,70/15/15,Stockholm-inspired,probable_violation,STO_R04,POP_contaminated_material,treatment,Stockholm-inspired__probable_violation,2127,0,yes
CASE_2128,train,70/15/15,Minamata-inspired,insufficient_evidence,MIN_R01,mercury_release,release,Minamata-inspired__insufficient_evidence,2128,0,yes
CASE_2129,train,70/15/15,Rotterdam-inspired,probable_violation,ROT_R03,industrial_precursor,shipment,Rotterdam-inspired__probable_violation,2129,0,yes
CASE_2130,train,70/15/15,Basel-inspired,confirmed_violation,BAS_R01,hazardous_waste,movement,Basel-inspired__confirmed_violation,2130,0,yes
CASE_2131,train,70/15/15,Stockholm-inspired,human_review_required,STO_R02,PCB_stock,storage,Stockholm-inspired__human_review_required,2131,0,yes
CASE_2132,train,70/15/15,Minamata-inspired,no_violation,MIN_R02,mercury_waste,waste_handling,Minamata-inspired__no_violation,2132,0,yes
CASE_2133,train,70/15/15,Basel-inspired,confirmed_violation,BAS_R05,spent_acid,movement,Basel-inspired__confirmed_violation,2133,0,yes
CASE_2134,train,70/15/15,Minamata-inspired,no_violation,MIN_R02,mercury_waste,waste_handling,Minamata-inspired__no_violation,2134,0,yes
CASE_2135,train,70/15/15,Stockholm-inspired,confirmed_violation,STO_R02,PCB_stock,storage,Stockholm-inspired__confirmed_violation,2135,0,yes
CASE_2137,train,70/15/15,Stockholm-inspired,confirmed_violation,STO_R05,restricted_flame_retardant,use,Stockholm-inspired__confirmed_violation,2137,0,yes
CASE_2138,train,70/15/15,Minamata-inspired,insufficient_evidence,MIN_R04,mercury_contaminated_effluent,treatment,Minamata-inspired__insufficient_evidence,2138,0,yes
CASE_2139,train,70/15/15,Montreal-inspired,human_review_required,MON_R02,CFC_stock,production,Montreal-inspired__human_review_required,2139,0,yes
CASE_2140,train,70/15/15,Basel-inspired,human_review_required,BAS_R04,e_waste_residue,disposal_transfer,Basel-inspired__human_review_required,2140,0,yes
CASE_2141,train,70/15/15,Montreal-inspired,confirmed_violation,MON_R04,ODS_blend,sale,Montreal-inspired__confirmed_violation,2141,0,yes
CASE_2142,train,70/15/15,Basel-inspired,probable_violation,BAS_R04,e_waste_residue,disposal_transfer,Basel-inspired__probable_violation,2142,0,yes
CASE_2144,train,70/15/15,Minamata-inspired,probable_violation,MIN_R01,mercury_release,release,Minamata-inspired__probable_violation,2144,0,yes
CASE_2145,train,70/15/15,Minamata-inspired,insufficient_evidence,MIN_R03,mercury_sludge,storage,Minamata-inspired__insufficient_evidence,2145,0,yes
CASE_2146,train,70/15/15,Montreal-inspired,insufficient_evidence,MON_R01,controlled_ODS,import,Montreal-inspired__insufficient_evidence,2146,0,yes
CASE_2147,train,70/15/15,Stockholm-inspired,no_violation,STO_R03,obsolete_pesticide_POP,disposal,Stockholm-inspired__no_violation,2147,0,yes
CASE_2148,train,70/15/15,Rotterdam-inspired,confirmed_violation,ROT_R01,listed_pesticide,export,Rotterdam-inspired__confirmed_violation,2148,0,yes
CASE_2150,train,70/15/15,Stockholm-inspired,probable_violation,STO_R02,PCB_stock,storage,Stockholm-inspired__probable_violation,2150,0,yes
CASE_2151,train,70/15/15,Stockholm-inspired,confirmed_violation,STO_R04,POP_contaminated_material,treatment,Stockholm-inspired__confirmed_violation,2151,0,yes
CASE_2152,train,70/15/15,Montreal-inspired,confirmed_violation,MON_R02,CFC_stock,production,Montreal-inspired__confirmed_violation,2152,0,yes
CASE_2153,train,70/15/15,Stockholm-inspired,confirmed_violation,STO_R01,listed_POP,use,Stockholm-inspired__confirmed_violation,2153,0,yes
CASE_2156,train,70/15/15,Montreal-inspired,probable_violation,MON_R02,CFC_stock,production,Montreal-inspired__probable_violation,2156,0,yes
CASE_2158,train,70/15/15,Rotterdam-inspired,confirmed_violation,ROT_R05,listed_formulation,cross_border_sale,Rotterdam-inspired__confirmed_violation,2158,0,yes
CASE_2159,train,70/15/15,Montreal-inspired,human_review_required,MON_R02,CFC_stock,production,Montreal-inspired__human_review_required,2159,0,yes
CASE_2160,train,70/15/15,Montreal-inspired,no_violation,MON_R02,CFC_stock,production,Montreal-inspired__no_violation,2160,0,yes
CASE_2161,train,70/15/15,Minamata-inspired,confirmed_violation,MIN_R05,mercury_air_emission,release,Minamata-inspired__confirmed_violation,2161,0,yes
CASE_2162,train,70/15/15,Montreal-inspired,no_violation,MON_R01,controlled_ODS,import,Montreal-inspired__no_violation,2162,0,yes
CASE_2163,train,70/15/15,Rotterdam-inspired,insufficient_evidence,ROT_R02,hazardous_chemical,cross_border_sale,Rotterdam-inspired__insufficient_evidence,2163,0,yes
CASE_2164,train,70/15/15,Minamata-inspired,probable_violation,MIN_R03,mercury_sludge,storage,Minamata-inspired__probable_violation,2164,0,yes
CASE_2165,train,70/15/15,Rotterdam-inspired,confirmed_violation,ROT_R05,listed_formulation,cross_border_sale,Rotterdam-inspired__confirmed_violation,2165,0,yes
CASE_2167,train,70/15/15,Montreal-inspired,no_violation,MON_R04,ODS_blend,sale,Montreal-inspired__no_violation,2167,0,yes
CASE_2168,train,70/15/15,Basel-inspired,insufficient_evidence,BAS_R04,e_waste_residue,disposal_transfer,Basel-inspired__insufficient_evidence,2168,0,yes
CASE_2171,train,70/15/15,Minamata-inspired,probable_violation,MIN_R03,mercury_sludge,storage,Minamata-inspired__probable_violation,2171,0,yes
CASE_2172,train,70/15/15,Stockholm-inspired,insufficient_evidence,STO_R04,POP_contaminated_material,treatment,Stockholm-inspired__insufficient_evidence,2172,0,yes
CASE_2175,train,70/15/15,Minamata-inspired,confirmed_violation,MIN_R02,mercury_waste,waste_handling,Minamata-inspired__confirmed_violation,2175,0,yes
CASE_2178,train,70/15/15,Montreal-inspired,insufficient_evidence,MON_R02,CFC_stock,production,Montreal-inspired__insufficient_evidence,2178,0,yes
CASE_2179,train,70/15/15,Montreal-inspired,insufficient_evidence,MON_R03,HCFC_batch,use,Montreal-inspired__insufficient_evidence,2179,0,yes
CASE_2180,train,70/15/15,Stockholm-inspired,confirmed_violation,STO_R01,listed_POP,use,Stockholm-inspired__confirmed_violation,2180,0,yes
CASE_2182,train,70/15/15,Basel-inspired,insufficient_evidence,BAS_R02,waste_solvent,export,Basel-inspired__insufficient_evidence,2182,0,yes
CASE_2183,train,70/15/15,Minamata-inspired,probable_violation,MIN_R05,mercury_air_emission,release,Minamata-inspired__probable_violation,2183,0,yes
CASE_2184,train,70/15/15,Rotterdam-inspired,human_review_required,ROT_R03,industrial_precursor,shipment,Rotterdam-inspired__human_review_required,2184,0,yes
CASE_2185,train,70/15/15,Montreal-inspired,confirmed_violation,MON_R03,HCFC_batch,use,Montreal-inspired__confirmed_violation,2185,0,yes
CASE_2188,train,70/15/15,Montreal-inspired,no_violation,MON_R03,HCFC_batch,use,Montreal-inspired__no_violation,2188,0,yes
CASE_2189,train,70/15/15,Basel-inspired,probable_violation,BAS_R05,spent_acid,movement,Basel-inspired__probable_violation,2189,0,yes
CASE_2191,train,70/15/15,Montreal-inspired,probable_violation,MON_R03,HCFC_batch,use,Montreal-inspired__probable_violation,2191,0,yes
CASE_2192,train,70/15/15,Montreal-inspired,no_violation,MON_R05,refrigerant_stock,import,Montreal-inspired__no_violation,2192,0,yes
CASE_2193,train,70/15/15,Basel-inspired,no_violation,BAS_R01,hazardous_waste,movement,Basel-inspired__no_violation,2193,0,yes
CASE_2194,train,70/15/15,Montreal-inspired,human_review_required,MON_R02,CFC_stock,production,Montreal-inspired__human_review_required,2194,0,yes
CASE_2195,train,70/15/15,Rotterdam-inspired,no_violation,ROT_R02,hazardous_chemical,cross_border_sale,Rotterdam-inspired__no_violation,2195,0,yes
CASE_2196,train,70/15/15,Montreal-inspired,confirmed_violation,MON_R04,ODS_blend,sale,Montreal-inspired__confirmed_violation,2196,0,yes
CASE_2198,train,70/15/15,Basel-inspired,insufficient_evidence,BAS_R05,spent_acid,movement,Basel-inspired__insufficient_evidence,2198,0,yes
CASE_2201,train,70/15/15,Rotterdam-inspired,insufficient_evidence,ROT_R01,listed_pesticide,export,Rotterdam-inspired__insufficient_evidence,2201,0,yes
CASE_2202,train,70/15/15,Rotterdam-inspired,human_review_required,ROT_R01,listed_pesticide,export,Rotterdam-inspired__human_review_required,2202,0,yes
CASE_2203,train,70/15/15,Basel-inspired,probable_violation,BAS_R05,spent_acid,movement,Basel-inspired__probable_violation,2203,0,yes
CASE_2204,train,70/15/15,Rotterdam-inspired,confirmed_violation,ROT_R05,listed_formulation,cross_border_sale,Rotterdam-inspired__confirmed_violation,2204,0,yes
CASE_2205,train,70/15/15,Minamata-inspired,confirmed_violation,MIN_R03,mercury_sludge,storage,Minamata-inspired__confirmed_violation,2205,0,yes
CASE_2206,train,70/15/15,Minamata-inspired,human_review_required,MIN_R04,mercury_contaminated_effluent,treatment,Minamata-inspired__human_review_required,2206,0,yes
CASE_2207,train,70/15/15,Stockholm-inspired,no_violation,STO_R04,POP_contaminated_material,treatment,Stockholm-inspired__no_violation,2207,0,yes
CASE_2208,train,70/15/15,Basel-inspired,no_violation,BAS_R02,waste_solvent,export,Basel-inspired__no_violation,2208,0,yes
CASE_2210,train,70/15/15,Basel-inspired,probable_violation,BAS_R01,hazardous_waste,movement,Basel-inspired__probable_violation,2210,0,yes
CASE_2212,train,70/15/15,Rotterdam-inspired,confirmed_violation,ROT_R01,listed_pesticide,export,Rotterdam-inspired__confirmed_violation,2212,0,yes
CASE_2213,train,70/15/15,Rotterdam-inspired,no_violation,ROT_R02,hazardous_chemical,cross_border_sale,Rotterdam-inspired__no_violation,2213,0,yes
CASE_2214,train,70/15/15,Basel-inspired,insufficient_evidence,BAS_R03,contaminated_sludge,transfer,Basel-inspired__insufficient_evidence,2214,0,yes
CASE_2215,train,70/15/15,Montreal-inspired,probable_violation,MON_R01,controlled_ODS,import,Montreal-inspired__probable_violation,2215,0,yes
CASE_2217,train,70/15/15,Rotterdam-inspired,human_review_required,ROT_R05,listed_formulation,cross_border_sale,Rotterdam-inspired__human_review_required,2217,0,yes
CASE_2218,train,70/15/15,Basel-inspired,no_violation,BAS_R05,spent_acid,movement,Basel-inspired__no_violation,2218,0,yes
CASE_2219,train,70/15/15,Basel-inspired,insufficient_evidence,BAS_R03,contaminated_sludge,transfer,Basel-inspired__insufficient_evidence,2219,0,yes
CASE_2220,train,70/15/15,Montreal-inspired,no_violation,MON_R05,refrigerant_stock,import,Montreal-inspired__no_violation,2220,0,yes
CASE_2222,train,70/15/15,Stockholm-inspired,insufficient_evidence,STO_R05,restricted_flame_retardant,use,Stockholm-inspired__insufficient_evidence,2222,0,yes
CASE_2225,train,70/15/15,Montreal-inspired,no_violation,MON_R03,HCFC_batch,use,Montreal-inspired__no_violation,2225,0,yes
CASE_2226,train,70/15/15,Minamata-inspired,human_review_required,MIN_R01,mercury_release,release,Minamata-inspired__human_review_required,2226,0,yes
CASE_2227,train,70/15/15,Rotterdam-inspired,confirmed_violation,ROT_R03,industrial_precursor,shipment,Rotterdam-inspired__confirmed_violation,2227,0,yes
CASE_2229,train,70/15/15,Basel-inspired,confirmed_violation,BAS_R05,spent_acid,movement,Basel-inspired__confirmed_violation,2229,0,yes
CASE_2231,train,70/15/15,Basel-inspired,human_review_required,BAS_R02,waste_solvent,export,Basel-inspired__human_review_required,2231,0,yes
CASE_2233,train,70/15/15,Basel-inspired,confirmed_violation,BAS_R01,hazardous_waste,movement,Basel-inspired__confirmed_violation,2233,0,yes
CASE_2235,train,70/15/15,Basel-inspired,confirmed_violation,BAS_R03,contaminated_sludge,transfer,Basel-inspired__confirmed_violation,2235,0,yes
CASE_2236,train,70/15/15,Basel-inspired,confirmed_violation,BAS_R01,hazardous_waste,movement,Basel-inspired__confirmed_violation,2236,0,yes
CASE_2237,train,70/15/15,Minamata-inspired,confirmed_violation,MIN_R04,mercury_contaminated_effluent,treatment,Minamata-inspired__confirmed_violation,2237,0,yes
CASE_2238,train,70/15/15,Stockholm-inspired,confirmed_violation,STO_R02,PCB_stock,storage,Stockholm-inspired__confirmed_violation,2238,0,yes
CASE_2239,train,70/15/15,Basel-inspired,probable_violation,BAS_R05,spent_acid,movement,Basel-inspired__probable_violation,2239,0,yes
CASE_2240,train,70/15/15,Basel-inspired,confirmed_violation,BAS_R03,contaminated_sludge,transfer,Basel-inspired__confirmed_violation,2240,0,yes
CASE_2242,train,70/15/15,Rotterdam-inspired,no_violation,ROT_R05,listed_formulation,cross_border_sale,Rotterdam-inspired__no_violation,2242,0,yes
CASE_2243,train,70/15/15,Basel-inspired,probable_violation,BAS_R01,hazardous_waste,movement,Basel-inspired__probable_violation,2243,0,yes
CASE_2244,train,70/15/15,Rotterdam-inspired,insufficient_evidence,ROT_R01,listed_pesticide,export,Rotterdam-inspired__insufficient_evidence,2244,0,yes
CASE_2245,train,70/15/15,Stockholm-inspired,probable_violation,STO_R01,listed_POP,use,Stockholm-inspired__probable_violation,2245,0,yes
CASE_2246,train,70/15/15,Minamata-inspired,confirmed_violation,MIN_R02,mercury_waste,waste_handling,Minamata-inspired__confirmed_violation,2246,0,yes
CASE_2247,train,70/15/15,Minamata-inspired,confirmed_violation,MIN_R01,mercury_release,release,Minamata-inspired__confirmed_violation,2247,0,yes
CASE_2248,train,70/15/15,Minamata-inspired,confirmed_violation,MIN_R01,mercury_release,release,Minamata-inspired__confirmed_violation,2248,0,yes
CASE_2249,train,70/15/15,Rotterdam-inspired,insufficient_evidence,ROT_R04,restricted_solvent,export,Rotterdam-inspired__insufficient_evidence,2249,0,yes
CASE_2250,train,70/15/15,Basel-inspired,confirmed_violation,BAS_R01,hazardous_waste,movement,Basel-inspired__confirmed_violation,2250,0,yes
CASE_2251,train,70/15/15,Basel-inspired,human_review_required,BAS_R02,waste_solvent,export,Basel-inspired__human_review_required,2251,0,yes
CASE_2253,train,70/15/15,Minamata-inspired,probable_violation,MIN_R05,mercury_air_emission,release,Minamata-inspired__probable_violation,2253,0,yes
CASE_2255,train,70/15/15,Basel-inspired,no_violation,BAS_R05,spent_acid,movement,Basel-inspired__no_violation,2255,0,yes
CASE_2257,train,70/15/15,Rotterdam-inspired,confirmed_violation,ROT_R02,hazardous_chemical,cross_border_sale,Rotterdam-inspired__confirmed_violation,2257,0,yes
CASE_2258,train,70/15/15,Basel-inspired,confirmed_violation,BAS_R03,contaminated_sludge,transfer,Basel-inspired__confirmed_violation,2258,0,yes
CASE_2260,train,70/15/15,Basel-inspired,probable_violation,BAS_R02,waste_solvent,export,Basel-inspired__probable_violation,2260,0,yes
CASE_2262,train,70/15/15,Montreal-inspired,insufficient_evidence,MON_R02,CFC_stock,production,Montreal-inspired__insufficient_evidence,2262,0,yes
CASE_2263,train,70/15/15,Stockholm-inspired,insufficient_evidence,STO_R02,PCB_stock,storage,Stockholm-inspired__insufficient_evidence,2263,0,yes
CASE_2265,train,70/15/15,Stockholm-inspired,insufficient_evidence,STO_R05,restricted_flame_retardant,use,Stockholm-inspired__insufficient_evidence,2265,0,yes
CASE_2267,train,70/15/15,Basel-inspired,confirmed_violation,BAS_R01,hazardous_waste,movement,Basel-inspired__confirmed_violation,2267,0,yes
CASE_2268,train,70/15/15,Rotterdam-inspired,probable_violation,ROT_R05,listed_formulation,cross_border_sale,Rotterdam-inspired__probable_violation,2268,0,yes
CASE_2269,train,70/15/15,Minamata-inspired,probable_violation,MIN_R05,mercury_air_emission,release,Minamata-inspired__probable_violation,2269,0,yes
CASE_2270,train,70/15/15,Rotterdam-inspired,confirmed_violation,ROT_R05,listed_formulation,cross_border_sale,Rotterdam-inspired__confirmed_violation,2270,0,yes
CASE_2271,train,70/15/15,Minamata-inspired,probable_violation,MIN_R01,mercury_release,release,Minamata-inspired__probable_violation,2271,0,yes
CASE_2273,train,70/15/15,Montreal-inspired,confirmed_violation,MON_R02,CFC_stock,production,Montreal-inspired__confirmed_violation,2273,0,yes
CASE_2274,train,70/15/15,Rotterdam-inspired,confirmed_violation,ROT_R02,hazardous_chemical,cross_border_sale,Rotterdam-inspired__confirmed_violation,2274,0,yes
CASE_2275,train,70/15/15,Minamata-inspired,probable_violation,MIN_R03,mercury_sludge,storage,Minamata-inspired__probable_violation,2275,0,yes
CASE_2277,train,70/15/15,Montreal-inspired,probable_violation,MON_R01,controlled_ODS,import,Montreal-inspired__probable_violation,2277,0,yes
CASE_2279,train,70/15/15,Basel-inspired,probable_violation,BAS_R03,contaminated_sludge,transfer,Basel-inspired__probable_violation,2279,0,yes
CASE_2280,train,70/15/15,Rotterdam-inspired,insufficient_evidence,ROT_R05,listed_formulation,cross_border_sale,Rotterdam-inspired__insufficient_evidence,2280,0,yes
CASE_2282,train,70/15/15,Stockholm-inspired,confirmed_violation,STO_R04,POP_contaminated_material,treatment,Stockholm-inspired__confirmed_violation,2282,0,yes
CASE_2283,train,70/15/15,Rotterdam-inspired,no_violation,ROT_R03,industrial_precursor,shipment,Rotterdam-inspired__no_violation,2283,0,yes
CASE_2286,train,70/15/15,Stockholm-inspired,human_review_required,STO_R02,PCB_stock,storage,Stockholm-inspired__human_review_required,2286,0,yes
CASE_2289,train,70/15/15,Stockholm-inspired,insufficient_evidence,STO_R04,POP_contaminated_material,treatment,Stockholm-inspired__insufficient_evidence,2289,0,yes
CASE_2291,train,70/15/15,Minamata-inspired,human_review_required,MIN_R03,mercury_sludge,storage,Minamata-inspired__human_review_required,2291,0,yes
CASE_2292,train,70/15/15,Montreal-inspired,probable_violation,MON_R02,CFC_stock,production,Montreal-inspired__probable_violation,2292,0,yes
CASE_2293,train,70/15/15,Stockholm-inspired,confirmed_violation,STO_R03,obsolete_pesticide_POP,disposal,Stockholm-inspired__confirmed_violation,2293,0,yes
CASE_2294,train,70/15/15,Stockholm-inspired,probable_violation,STO_R01,listed_POP,use,Stockholm-inspired__probable_violation,2294,0,yes
CASE_2296,train,70/15/15,Montreal-inspired,no_violation,MON_R05,refrigerant_stock,import,Montreal-inspired__no_violation,2296,0,yes
CASE_2297,train,70/15/15,Rotterdam-inspired,probable_violation,ROT_R02,hazardous_chemical,cross_border_sale,Rotterdam-inspired__probable_violation,2297,0,yes
CASE_2298,train,70/15/15,Rotterdam-inspired,probable_violation,ROT_R02,hazardous_chemical,cross_border_sale,Rotterdam-inspired__probable_violation,2298,0,yes
CASE_2301,train,70/15/15,Minamata-inspired,probable_violation,MIN_R04,mercury_contaminated_effluent,treatment,Minamata-inspired__probable_violation,2301,0,yes
CASE_2302,train,70/15/15,Minamata-inspired,insufficient_evidence,MIN_R01,mercury_release,release,Minamata-inspired__insufficient_evidence,2302,0,yes
CASE_2303,train,70/15/15,Minamata-inspired,probable_violation,MIN_R01,mercury_release,release,Minamata-inspired__probable_violation,2303,0,yes
CASE_2305,train,70/15/15,Minamata-inspired,no_violation,MIN_R03,mercury_sludge,storage,Minamata-inspired__no_violation,2305,0,yes
CASE_2306,train,70/15/15,Montreal-inspired,confirmed_violation,MON_R03,HCFC_batch,use,Montreal-inspired__confirmed_violation,2306,0,yes
CASE_2307,train,70/15/15,Montreal-inspired,confirmed_violation,MON_R03,HCFC_batch,use,Montreal-inspired__confirmed_violation,2307,0,yes
CASE_2310,train,70/15/15,Rotterdam-inspired,human_review_required,ROT_R05,listed_formulation,cross_border_sale,Rotterdam-inspired__human_review_required,2310,0,yes
CASE_2312,train,70/15/15,Basel-inspired,human_review_required,BAS_R05,spent_acid,movement,Basel-inspired__human_review_required,2312,0,yes
CASE_2313,train,70/15/15,Montreal-inspired,human_review_required,MON_R01,controlled_ODS,import,Montreal-inspired__human_review_required,2313,0,yes
CASE_2315,train,70/15/15,Rotterdam-inspired,no_violation,ROT_R01,listed_pesticide,export,Rotterdam-inspired__no_violation,2315,0,yes
CASE_2316,train,70/15/15,Stockholm-inspired,insufficient_evidence,STO_R01,listed_POP,use,Stockholm-inspired__insufficient_evidence,2316,0,yes
CASE_2317,train,70/15/15,Rotterdam-inspired,probable_violation,ROT_R02,hazardous_chemical,cross_border_sale,Rotterdam-inspired__probable_violation,2317,0,yes
CASE_2318,train,70/15/15,Stockholm-inspired,confirmed_violation,STO_R05,restricted_flame_retardant,use,Stockholm-inspired__confirmed_violation,2318,0,yes
CASE_2319,train,70/15/15,Rotterdam-inspired,insufficient_evidence,ROT_R02,hazardous_chemical,cross_border_sale,Rotterdam-inspired__insufficient_evidence,2319,0,yes
CASE_2320,train,70/15/15,Minamata-inspired,probable_violation,MIN_R05,mercury_air_emission,release,Minamata-inspired__probable_violation,2320,0,yes
CASE_2321,train,70/15/15,Montreal-inspired,confirmed_violation,MON_R03,HCFC_batch,use,Montreal-inspired__confirmed_violation,2321,0,yes
CASE_2324,train,70/15/15,Basel-inspired,no_violation,BAS_R03,contaminated_sludge,transfer,Basel-inspired__no_violation,2324,0,yes
CASE_2326,train,70/15/15,Montreal-inspired,insufficient_evidence,MON_R05,refrigerant_stock,import,Montreal-inspired__insufficient_evidence,2326,0,yes
CASE_2327,train,70/15/15,Montreal-inspired,probable_violation,MON_R02,CFC_stock,production,Montreal-inspired__probable_violation,2327,0,yes
CASE_2328,train,70/15/15,Rotterdam-inspired,confirmed_violation,ROT_R05,listed_formulation,cross_border_sale,Rotterdam-inspired__confirmed_violation,2328,0,yes
CASE_2329,train,70/15/15,Minamata-inspired,probable_violation,MIN_R03,mercury_sludge,storage,Minamata-inspired__probable_violation,2329,0,yes
CASE_2330,train,70/15/15,Rotterdam-inspired,no_violation,ROT_R03,industrial_precursor,shipment,Rotterdam-inspired__no_violation,2330,0,yes
CASE_2332,train,70/15/15,Rotterdam-inspired,insufficient_evidence,ROT_R03,industrial_precursor,shipment,Rotterdam-inspired__insufficient_evidence,2332,0,yes
CASE_2336,train,70/15/15,Minamata-inspired,probable_violation,MIN_R04,mercury_contaminated_effluent,treatment,Minamata-inspired__probable_violation,2336,0,yes
CASE_2342,train,70/15/15,Minamata-inspired,insufficient_evidence,MIN_R02,mercury_waste,waste_handling,Minamata-inspired__insufficient_evidence,2342,0,yes
CASE_2343,train,70/15/15,Montreal-inspired,human_review_required,MON_R01,controlled_ODS,import,Montreal-inspired__human_review_required,2343,0,yes
CASE_2344,train,70/15/15,Minamata-inspired,no_violation,MIN_R01,mercury_release,release,Minamata-inspired__no_violation,2344,0,yes
CASE_2345,train,70/15/15,Stockholm-inspired,no_violation,STO_R04,POP_contaminated_material,treatment,Stockholm-inspired__no_violation,2345,0,yes
CASE_2346,train,70/15/15,Minamata-inspired,no_violation,MIN_R02,mercury_waste,waste_handling,Minamata-inspired__no_violation,2346,0,yes
CASE_2348,train,70/15/15,Minamata-inspired,probable_violation,MIN_R02,mercury_waste,waste_handling,Minamata-inspired__probable_violation,2348,0,yes
CASE_2349,train,70/15/15,Montreal-inspired,human_review_required,MON_R05,refrigerant_stock,import,Montreal-inspired__human_review_required,2349,0,yes
CASE_2350,train,70/15/15,Basel-inspired,probable_violation,BAS_R03,contaminated_sludge,transfer,Basel-inspired__probable_violation,2350,0,yes
CASE_2352,train,70/15/15,Montreal-inspired,human_review_required,MON_R01,controlled_ODS,import,Montreal-inspired__human_review_required,2352,0,yes
CASE_2354,train,70/15/15,Stockholm-inspired,no_violation,STO_R02,PCB_stock,storage,Stockholm-inspired__no_violation,2354,0,yes
CASE_2356,train,70/15/15,Minamata-inspired,insufficient_evidence,MIN_R04,mercury_contaminated_effluent,treatment,Minamata-inspired__insufficient_evidence,2356,0,yes
CASE_2357,train,70/15/15,Stockholm-inspired,human_review_required,STO_R02,PCB_stock,storage,Stockholm-inspired__human_review_required,2357,0,yes
CASE_2358,train,70/15/15,Basel-inspired,probable_violation,BAS_R05,spent_acid,movement,Basel-inspired__probable_violation,2358,0,yes
CASE_2359,train,70/15/15,Minamata-inspired,probable_violation,MIN_R02,mercury_waste,waste_handling,Minamata-inspired__probable_violation,2359,0,yes
CASE_2360,train,70/15/15,Montreal-inspired,no_violation,MON_R04,ODS_blend,sale,Montreal-inspired__no_violation,2360,0,yes
CASE_2363,train,70/15/15,Rotterdam-inspired,insufficient_evidence,ROT_R02,hazardous_chemical,cross_border_sale,Rotterdam-inspired__insufficient_evidence,2363,0,yes
CASE_2364,train,70/15/15,Basel-inspired,insufficient_evidence,BAS_R03,contaminated_sludge,transfer,Basel-inspired__insufficient_evidence,2364,0,yes
CASE_2365,train,70/15/15,Rotterdam-inspired,probable_violation,ROT_R05,listed_formulation,cross_border_sale,Rotterdam-inspired__probable_violation,2365,0,yes
CASE_2367,train,70/15/15,Stockholm-inspired,confirmed_violation,STO_R02,PCB_stock,storage,Stockholm-inspired__confirmed_violation,2367,0,yes
CASE_2368,train,70/15/15,Montreal-inspired,no_violation,MON_R03,HCFC_batch,use,Montreal-inspired__no_violation,2368,0,yes
CASE_2371,train,70/15/15,Montreal-inspired,insufficient_evidence,MON_R02,CFC_stock,production,Montreal-inspired__insufficient_evidence,2371,0,yes
CASE_2372,train,70/15/15,Stockholm-inspired,insufficient_evidence,STO_R04,POP_contaminated_material,treatment,Stockholm-inspired__insufficient_evidence,2372,0,yes
CASE_2373,train,70/15/15,Rotterdam-inspired,probable_violation,ROT_R04,restricted_solvent,export,Rotterdam-inspired__probable_violation,2373,0,yes
CASE_2374,train,70/15/15,Montreal-inspired,probable_violation,MON_R02,CFC_stock,production,Montreal-inspired__probable_violation,2374,0,yes
CASE_2375,train,70/15/15,Rotterdam-inspired,no_violation,ROT_R05,listed_formulation,cross_border_sale,Rotterdam-inspired__no_violation,2375,0,yes
CASE_2376,train,70/15/15,Stockholm-inspired,insufficient_evidence,STO_R05,restricted_flame_retardant,use,Stockholm-inspired__insufficient_evidence,2376,0,yes
CASE_2377,train,70/15/15,Rotterdam-inspired,probable_violation,ROT_R05,listed_formulation,cross_border_sale,Rotterdam-inspired__probable_violation,2377,0,yes
CASE_2378,train,70/15/15,Montreal-inspired,probable_violation,MON_R04,ODS_blend,sale,Montreal-inspired__probable_violation,2378,0,yes
CASE_2381,train,70/15/15,Basel-inspired,confirmed_violation,BAS_R02,waste_solvent,export,Basel-inspired__confirmed_violation,2381,0,yes
CASE_2383,train,70/15/15,Basel-inspired,confirmed_violation,BAS_R04,e_waste_residue,disposal_transfer,Basel-inspired__confirmed_violation,2383,0,yes
CASE_2385,train,70/15/15,Rotterdam-inspired,no_violation,ROT_R01,listed_pesticide,export,Rotterdam-inspired__no_violation,2385,0,yes
CASE_2387,train,70/15/15,Rotterdam-inspired,insufficient_evidence,ROT_R05,listed_formulation,cross_border_sale,Rotterdam-inspired__insufficient_evidence,2387,0,yes
CASE_2389,train,70/15/15,Basel-inspired,confirmed_violation,BAS_R03,contaminated_sludge,transfer,Basel-inspired__confirmed_violation,2389,0,yes
CASE_2390,train,70/15/15,Basel-inspired,confirmed_violation,BAS_R04,e_waste_residue,disposal_transfer,Basel-inspired__confirmed_violation,2390,0,yes
CASE_2391,train,70/15/15,Montreal-inspired,insufficient_evidence,MON_R05,refrigerant_stock,import,Montreal-inspired__insufficient_evidence,2391,0,yes
CASE_2392,train,70/15/15,Rotterdam-inspired,no_violation,ROT_R03,industrial_precursor,shipment,Rotterdam-inspired__no_violation,2392,0,yes
CASE_2393,train,70/15/15,Stockholm-inspired,probable_violation,STO_R03,obsolete_pesticide_POP,disposal,Stockholm-inspired__probable_violation,2393,0,yes
CASE_2394,train,70/15/15,Basel-inspired,confirmed_violation,BAS_R03,contaminated_sludge,transfer,Basel-inspired__confirmed_violation,2394,0,yes
CASE_2396,train,70/15/15,Montreal-inspired,confirmed_violation,MON_R05,refrigerant_stock,import,Montreal-inspired__confirmed_violation,2396,0,yes
CASE_2398,train,70/15/15,Montreal-inspired,confirmed_violation,MON_R02,CFC_stock,production,Montreal-inspired__confirmed_violation,2398,0,yes
CASE_2400,train,70/15/15,Stockholm-inspired,insufficient_evidence,STO_R04,POP_contaminated_material,treatment,Stockholm-inspired__insufficient_evidence,2400,0,yes
CASE_2403,train,70/15/15,Stockholm-inspired,confirmed_violation,STO_R05,restricted_flame_retardant,use,Stockholm-inspired__confirmed_violation,2403,0,yes
CASE_2404,train,70/15/15,Stockholm-inspired,no_violation,STO_R03,obsolete_pesticide_POP,disposal,Stockholm-inspired__no_violation,2404,0,yes
CASE_2405,train,70/15/15,Minamata-inspired,human_review_required,MIN_R02,mercury_waste,waste_handling,Minamata-inspired__human_review_required,2405,0,yes
CASE_2406,train,70/15/15,Rotterdam-inspired,no_violation,ROT_R01,listed_pesticide,export,Rotterdam-inspired__no_violation,2406,0,yes
CASE_2407,train,70/15/15,Stockholm-inspired,no_violation,STO_R05,restricted_flame_retardant,use,Stockholm-inspired__no_violation,2407,0,yes
CASE_2409,train,70/15/15,Rotterdam-inspired,insufficient_evidence,ROT_R03,industrial_precursor,shipment,Rotterdam-inspired__insufficient_evidence,2409,0,yes
CASE_2410,train,70/15/15,Montreal-inspired,probable_violation,MON_R04,ODS_blend,sale,Montreal-inspired__probable_violation,2410,0,yes
CASE_2411,train,70/15/15,Rotterdam-inspired,confirmed_violation,ROT_R04,restricted_solvent,export,Rotterdam-inspired__confirmed_violation,2411,0,yes
CASE_2413,train,70/15/15,Basel-inspired,probable_violation,BAS_R05,spent_acid,movement,Basel-inspired__probable_violation,2413,0,yes
CASE_2414,train,70/15/15,Stockholm-inspired,human_review_required,STO_R01,listed_POP,use,Stockholm-inspired__human_review_required,2414,0,yes
CASE_2415,train,70/15/15,Basel-inspired,probable_violation,BAS_R05,spent_acid,movement,Basel-inspired__probable_violation,2415,0,yes
CASE_2417,train,70/15/15,Minamata-inspired,confirmed_violation,MIN_R04,mercury_contaminated_effluent,treatment,Minamata-inspired__confirmed_violation,2417,0,yes
CASE_2418,train,70/15/15,Stockholm-inspired,human_review_required,STO_R05,restricted_flame_retardant,use,Stockholm-inspired__human_review_required,2418,0,yes
CASE_2420,train,70/15/15,Montreal-inspired,insufficient_evidence,MON_R02,CFC_stock,production,Montreal-inspired__insufficient_evidence,2420,0,yes
CASE_2424,train,70/15/15,Stockholm-inspired,insufficient_evidence,STO_R02,PCB_stock,storage,Stockholm-inspired__insufficient_evidence,2424,0,yes
CASE_2426,train,70/15/15,Stockholm-inspired,no_violation,STO_R03,obsolete_pesticide_POP,disposal,Stockholm-inspired__no_violation,2426,0,yes
CASE_2428,train,70/15/15,Montreal-inspired,confirmed_violation,MON_R03,HCFC_batch,use,Montreal-inspired__confirmed_violation,2428,0,yes
CASE_2429,train,70/15/15,Minamata-inspired,confirmed_violation,MIN_R04,mercury_contaminated_effluent,treatment,Minamata-inspired__confirmed_violation,2429,0,yes
CASE_2430,train,70/15/15,Rotterdam-inspired,confirmed_violation,ROT_R02,hazardous_chemical,cross_border_sale,Rotterdam-inspired__confirmed_violation,2430,0,yes
CASE_2431,train,70/15/15,Montreal-inspired,confirmed_violation,MON_R04,ODS_blend,sale,Montreal-inspired__confirmed_violation,2431,0,yes
CASE_2432,train,70/15/15,Minamata-inspired,confirmed_violation,MIN_R04,mercury_contaminated_effluent,treatment,Minamata-inspired__confirmed_violation,2432,0,yes
CASE_2433,train,70/15/15,Rotterdam-inspired,probable_violation,ROT_R03,industrial_precursor,shipment,Rotterdam-inspired__probable_violation,2433,0,yes
CASE_2435,train,70/15/15,Minamata-inspired,no_violation,MIN_R01,mercury_release,release,Minamata-inspired__no_violation,2435,0,yes
CASE_2436,train,70/15/15,Stockholm-inspired,human_review_required,STO_R02,PCB_stock,storage,Stockholm-inspired__human_review_required,2436,0,yes
CASE_2437,train,70/15/15,Stockholm-inspired,no_violation,STO_R04,POP_contaminated_material,treatment,Stockholm-inspired__no_violation,2437,0,yes
CASE_2438,train,70/15/15,Stockholm-inspired,confirmed_violation,STO_R03,obsolete_pesticide_POP,disposal,Stockholm-inspired__confirmed_violation,2438,0,yes
CASE_2439,train,70/15/15,Stockholm-inspired,probable_violation,STO_R03,obsolete_pesticide_POP,disposal,Stockholm-inspired__probable_violation,2439,0,yes
CASE_2440,train,70/15/15,Basel-inspired,confirmed_violation,BAS_R03,contaminated_sludge,transfer,Basel-inspired__confirmed_violation,2440,0,yes
CASE_2441,train,70/15/15,Minamata-inspired,human_review_required,MIN_R04,mercury_contaminated_effluent,treatment,Minamata-inspired__human_review_required,2441,0,yes
CASE_2442,train,70/15/15,Stockholm-inspired,no_violation,STO_R02,PCB_stock,storage,Stockholm-inspired__no_violation,2442,0,yes
CASE_2444,train,70/15/15,Basel-inspired,confirmed_violation,BAS_R05,spent_acid,movement,Basel-inspired__confirmed_violation,2444,0,yes
CASE_2445,train,70/15/15,Montreal-inspired,insufficient_evidence,MON_R05,refrigerant_stock,import,Montreal-inspired__insufficient_evidence,2445,0,yes
CASE_2446,train,70/15/15,Stockholm-inspired,no_violation,STO_R05,restricted_flame_retardant,use,Stockholm-inspired__no_violation,2446,0,yes
CASE_2448,train,70/15/15,Rotterdam-inspired,insufficient_evidence,ROT_R04,restricted_solvent,export,Rotterdam-inspired__insufficient_evidence,2448,0,yes
CASE_2449,train,70/15/15,Basel-inspired,confirmed_violation,BAS_R02,waste_solvent,export,Basel-inspired__confirmed_violation,2449,0,yes
CASE_2451,train,70/15/15,Minamata-inspired,no_violation,MIN_R05,mercury_air_emission,release,Minamata-inspired__no_violation,2451,0,yes
CASE_2452,train,70/15/15,Minamata-inspired,confirmed_violation,MIN_R05,mercury_air_emission,release,Minamata-inspired__confirmed_violation,2452,0,yes
CASE_2453,train,70/15/15,Stockholm-inspired,probable_violation,STO_R02,PCB_stock,storage,Stockholm-inspired__probable_violation,2453,0,yes
CASE_2454,train,70/15/15,Stockholm-inspired,confirmed_violation,STO_R04,POP_contaminated_material,treatment,Stockholm-inspired__confirmed_violation,2454,0,yes
CASE_2455,train,70/15/15,Stockholm-inspired,probable_violation,STO_R02,PCB_stock,storage,Stockholm-inspired__probable_violation,2455,0,yes
CASE_2458,train,70/15/15,Rotterdam-inspired,insufficient_evidence,ROT_R05,listed_formulation,cross_border_sale,Rotterdam-inspired__insufficient_evidence,2458,0,yes
CASE_2459,train,70/15/15,Stockholm-inspired,insufficient_evidence,STO_R02,PCB_stock,storage,Stockholm-inspired__insufficient_evidence,2459,0,yes
CASE_2460,train,70/15/15,Rotterdam-inspired,no_violation,ROT_R04,restricted_solvent,export,Rotterdam-inspired__no_violation,2460,0,yes
CASE_2462,train,70/15/15,Montreal-inspired,no_violation,MON_R05,refrigerant_stock,import,Montreal-inspired__no_violation,2462,0,yes
CASE_2464,train,70/15/15,Minamata-inspired,probable_violation,MIN_R04,mercury_contaminated_effluent,treatment,Minamata-inspired__probable_violation,2464,0,yes
CASE_2467,train,70/15/15,Rotterdam-inspired,confirmed_violation,ROT_R04,restricted_solvent,export,Rotterdam-inspired__confirmed_violation,2467,0,yes
CASE_2468,train,70/15/15,Rotterdam-inspired,confirmed_violation,ROT_R03,industrial_precursor,shipment,Rotterdam-inspired__confirmed_violation,2468,0,yes
CASE_2471,train,70/15/15,Minamata-inspired,confirmed_violation,MIN_R02,mercury_waste,waste_handling,Minamata-inspired__confirmed_violation,2471,0,yes
CASE_2472,train,70/15/15,Rotterdam-inspired,confirmed_violation,ROT_R01,listed_pesticide,export,Rotterdam-inspired__confirmed_violation,2472,0,yes
CASE_2473,train,70/15/15,Rotterdam-inspired,insufficient_evidence,ROT_R03,industrial_precursor,shipment,Rotterdam-inspired__insufficient_evidence,2473,0,yes
CASE_2477,train,70/15/15,Rotterdam-inspired,confirmed_violation,ROT_R05,listed_formulation,cross_border_sale,Rotterdam-inspired__confirmed_violation,2477,0,yes
CASE_2478,train,70/15/15,Rotterdam-inspired,human_review_required,ROT_R02,hazardous_chemical,cross_border_sale,Rotterdam-inspired__human_review_required,2478,0,yes
CASE_2479,train,70/15/15,Minamata-inspired,no_violation,MIN_R03,mercury_sludge,storage,Minamata-inspired__no_violation,2479,0,yes
CASE_2480,train,70/15/15,Minamata-inspired,no_violation,MIN_R04,mercury_contaminated_effluent,treatment,Minamata-inspired__no_violation,2480,0,yes
CASE_2481,train,70/15/15,Rotterdam-inspired,insufficient_evidence,ROT_R05,listed_formulation,cross_border_sale,Rotterdam-inspired__insufficient_evidence,2481,0,yes
CASE_2483,train,70/15/15,Montreal-inspired,insufficient_evidence,MON_R01,controlled_ODS,import,Montreal-inspired__insufficient_evidence,2483,0,yes
CASE_2485,train,70/15/15,Minamata-inspired,human_review_required,MIN_R04,mercury_contaminated_effluent,treatment,Minamata-inspired__human_review_required,2485,0,yes
CASE_2486,train,70/15/15,Minamata-inspired,confirmed_violation,MIN_R02,mercury_waste,waste_handling,Minamata-inspired__confirmed_violation,2486,0,yes
CASE_2487,train,70/15/15,Stockholm-inspired,insufficient_evidence,STO_R02,PCB_stock,storage,Stockholm-inspired__insufficient_evidence,2487,0,yes
CASE_2488,train,70/15/15,Montreal-inspired,insufficient_evidence,MON_R04,ODS_blend,sale,Montreal-inspired__insufficient_evidence,2488,0,yes
CASE_2489,train,70/15/15,Minamata-inspired,human_review_required,MIN_R03,mercury_sludge,storage,Minamata-inspired__human_review_required,2489,0,yes
CASE_2490,train,70/15/15,Montreal-inspired,no_violation,MON_R04,ODS_blend,sale,Montreal-inspired__no_violation,2490,0,yes
CASE_2491,train,70/15/15,Minamata-inspired,probable_violation,MIN_R01,mercury_release,release,Minamata-inspired__probable_violation,2491,0,yes
CASE_2492,train,70/15/15,Basel-inspired,confirmed_violation,BAS_R03,contaminated_sludge,transfer,Basel-inspired__confirmed_violation,2492,0,yes
CASE_2493,train,70/15/15,Minamata-inspired,no_violation,MIN_R05,mercury_air_emission,release,Minamata-inspired__no_violation,2493,0,yes
CASE_2495,train,70/15/15,Rotterdam-inspired,probable_violation,ROT_R02,hazardous_chemical,cross_border_sale,Rotterdam-inspired__probable_violation,2495,0,yes
CASE_2500,train,70/15/15,Rotterdam-inspired,no_violation,ROT_R03,industrial_precursor,shipment,Rotterdam-inspired__no_violation,2500,0,yes
CASE_2501,train,70/15/15,Rotterdam-inspired,insufficient_evidence,ROT_R04,restricted_solvent,export,Rotterdam-inspired__insufficient_evidence,2501,0,yes
CASE_2502,train,70/15/15,Stockholm-inspired,insufficient_evidence,STO_R04,POP_contaminated_material,treatment,Stockholm-inspired__insufficient_evidence,2502,0,yes
CASE_2504,train,70/15/15,Basel-inspired,probable_violation,BAS_R02,waste_solvent,export,Basel-inspired__probable_violation,2504,0,yes
CASE_2505,train,70/15/15,Basel-inspired,confirmed_violation,BAS_R01,hazardous_waste,movement,Basel-inspired__confirmed_violation,2505,0,yes
CASE_2506,train,70/15/15,Rotterdam-inspired,probable_violation,ROT_R01,listed_pesticide,export,Rotterdam-inspired__probable_violation,2506,0,yes
CASE_2507,train,70/15/15,Stockholm-inspired,insufficient_evidence,STO_R02,PCB_stock,storage,Stockholm-inspired__insufficient_evidence,2507,0,yes
CASE_2509,train,70/15/15,Stockholm-inspired,insufficient_evidence,STO_R02,PCB_stock,storage,Stockholm-inspired__insufficient_evidence,2509,0,yes
CASE_2510,train,70/15/15,Rotterdam-inspired,insufficient_evidence,ROT_R01,listed_pesticide,export,Rotterdam-inspired__insufficient_evidence,2510,0,yes
CASE_2511,train,70/15/15,Minamata-inspired,human_review_required,MIN_R01,mercury_release,release,Minamata-inspired__human_review_required,2511,0,yes
CASE_2512,train,70/15/15,Stockholm-inspired,confirmed_violation,STO_R05,restricted_flame_retardant,use,Stockholm-inspired__confirmed_violation,2512,0,yes
CASE_2513,train,70/15/15,Minamata-inspired,probable_violation,MIN_R01,mercury_release,release,Minamata-inspired__probable_violation,2513,0,yes
CASE_2514,train,70/15/15,Basel-inspired,probable_violation,BAS_R05,spent_acid,movement,Basel-inspired__probable_violation,2514,0,yes
CASE_2520,train,70/15/15,Basel-inspired,insufficient_evidence,BAS_R03,contaminated_sludge,transfer,Basel-inspired__insufficient_evidence,2520,0,yes
CASE_2521,train,70/15/15,Rotterdam-inspired,confirmed_violation,ROT_R03,industrial_precursor,shipment,Rotterdam-inspired__confirmed_violation,2521,0,yes
CASE_2522,train,70/15/15,Montreal-inspired,confirmed_violation,MON_R04,ODS_blend,sale,Montreal-inspired__confirmed_violation,2522,0,yes
CASE_2523,train,70/15/15,Stockholm-inspired,confirmed_violation,STO_R02,PCB_stock,storage,Stockholm-inspired__confirmed_violation,2523,0,yes
CASE_2524,train,70/15/15,Rotterdam-inspired,confirmed_violation,ROT_R03,industrial_precursor,shipment,Rotterdam-inspired__confirmed_violation,2524,0,yes
CASE_2525,train,70/15/15,Montreal-inspired,probable_violation,MON_R01,controlled_ODS,import,Montreal-inspired__probable_violation,2525,0,yes
CASE_2526,train,70/15/15,Stockholm-inspired,no_violation,STO_R02,PCB_stock,storage,Stockholm-inspired__no_violation,2526,0,yes
CASE_2528,train,70/15/15,Rotterdam-inspired,no_violation,ROT_R04,restricted_solvent,export,Rotterdam-inspired__no_violation,2528,0,yes
CASE_2530,train,70/15/15,Rotterdam-inspired,probable_violation,ROT_R05,listed_formulation,cross_border_sale,Rotterdam-inspired__probable_violation,2530,0,yes
CASE_2531,train,70/15/15,Minamata-inspired,no_violation,MIN_R05,mercury_air_emission,release,Minamata-inspired__no_violation,2531,0,yes
CASE_2535,train,70/15/15,Montreal-inspired,confirmed_violation,MON_R03,HCFC_batch,use,Montreal-inspired__confirmed_violation,2535,0,yes
CASE_2536,train,70/15/15,Minamata-inspired,insufficient_evidence,MIN_R05,mercury_air_emission,release,Minamata-inspired__insufficient_evidence,2536,0,yes
CASE_2537,train,70/15/15,Stockholm-inspired,insufficient_evidence,STO_R02,PCB_stock,storage,Stockholm-inspired__insufficient_evidence,2537,0,yes
CASE_2538,train,70/15/15,Montreal-inspired,confirmed_violation,MON_R05,refrigerant_stock,import,Montreal-inspired__confirmed_violation,2538,0,yes
CASE_2539,train,70/15/15,Minamata-inspired,confirmed_violation,MIN_R02,mercury_waste,waste_handling,Minamata-inspired__confirmed_violation,2539,0,yes
CASE_2540,train,70/15/15,Montreal-inspired,confirmed_violation,MON_R02,CFC_stock,production,Montreal-inspired__confirmed_violation,2540,0,yes
CASE_2541,train,70/15/15,Montreal-inspired,no_violation,MON_R04,ODS_blend,sale,Montreal-inspired__no_violation,2541,0,yes
CASE_2542,train,70/15/15,Rotterdam-inspired,confirmed_violation,ROT_R04,restricted_solvent,export,Rotterdam-inspired__confirmed_violation,2542,0,yes
CASE_2543,train,70/15/15,Stockholm-inspired,probable_violation,STO_R03,obsolete_pesticide_POP,disposal,Stockholm-inspired__probable_violation,2543,0,yes
CASE_2544,train,70/15/15,Basel-inspired,no_violation,BAS_R05,spent_acid,movement,Basel-inspired__no_violation,2544,0,yes
CASE_2545,train,70/15/15,Minamata-inspired,human_review_required,MIN_R05,mercury_air_emission,release,Minamata-inspired__human_review_required,2545,0,yes
CASE_2546,train,70/15/15,Stockholm-inspired,confirmed_violation,STO_R01,listed_POP,use,Stockholm-inspired__confirmed_violation,2546,0,yes
CASE_2548,train,70/15/15,Minamata-inspired,confirmed_violation,MIN_R04,mercury_contaminated_effluent,treatment,Minamata-inspired__confirmed_violation,2548,0,yes
CASE_2549,train,70/15/15,Montreal-inspired,no_violation,MON_R05,refrigerant_stock,import,Montreal-inspired__no_violation,2549,0,yes
CASE_2552,train,70/15/15,Stockholm-inspired,no_violation,STO_R05,restricted_flame_retardant,use,Stockholm-inspired__no_violation,2552,0,yes
CASE_2553,train,70/15/15,Rotterdam-inspired,confirmed_violation,ROT_R04,restricted_solvent,export,Rotterdam-inspired__confirmed_violation,2553,0,yes
CASE_2554,train,70/15/15,Basel-inspired,no_violation,BAS_R03,contaminated_sludge,transfer,Basel-inspired__no_violation,2554,0,yes
CASE_2555,train,70/15/15,Minamata-inspired,confirmed_violation,MIN_R04,mercury_contaminated_effluent,treatment,Minamata-inspired__confirmed_violation,2555,0,yes
CASE_2556,train,70/15/15,Stockholm-inspired,insufficient_evidence,STO_R04,POP_contaminated_material,treatment,Stockholm-inspired__insufficient_evidence,2556,0,yes
CASE_2559,train,70/15/15,Stockholm-inspired,no_violation,STO_R05,restricted_flame_retardant,use,Stockholm-inspired__no_violation,2559,0,yes
CASE_2562,train,70/15/15,Stockholm-inspired,insufficient_evidence,STO_R03,obsolete_pesticide_POP,disposal,Stockholm-inspired__insufficient_evidence,2562,0,yes
CASE_2563,train,70/15/15,Basel-inspired,human_review_required,BAS_R01,hazardous_waste,movement,Basel-inspired__human_review_required,2563,0,yes
CASE_2564,train,70/15/15,Stockholm-inspired,confirmed_violation,STO_R02,PCB_stock,storage,Stockholm-inspired__confirmed_violation,2564,0,yes
CASE_2565,train,70/15/15,Montreal-inspired,no_violation,MON_R01,controlled_ODS,import,Montreal-inspired__no_violation,2565,0,yes
CASE_2566,train,70/15/15,Stockholm-inspired,probable_violation,STO_R05,restricted_flame_retardant,use,Stockholm-inspired__probable_violation,2566,0,yes
CASE_2567,train,70/15/15,Basel-inspired,confirmed_violation,BAS_R04,e_waste_residue,disposal_transfer,Basel-inspired__confirmed_violation,2567,0,yes
CASE_2568,train,70/15/15,Stockholm-inspired,confirmed_violation,STO_R05,restricted_flame_retardant,use,Stockholm-inspired__confirmed_violation,2568,0,yes
CASE_2569,train,70/15/15,Stockholm-inspired,confirmed_violation,STO_R04,POP_contaminated_material,treatment,Stockholm-inspired__confirmed_violation,2569,0,yes
CASE_2570,train,70/15/15,Rotterdam-inspired,no_violation,ROT_R03,industrial_precursor,shipment,Rotterdam-inspired__no_violation,2570,0,yes
CASE_2572,train,70/15/15,Minamata-inspired,probable_violation,MIN_R04,mercury_contaminated_effluent,treatment,Minamata-inspired__probable_violation,2572,0,yes
CASE_2573,train,70/15/15,Basel-inspired,insufficient_evidence,BAS_R05,spent_acid,movement,Basel-inspired__insufficient_evidence,2573,0,yes
CASE_2574,train,70/15/15,Minamata-inspired,no_violation,MIN_R01,mercury_release,release,Minamata-inspired__no_violation,2574,0,yes
CASE_2575,train,70/15/15,Basel-inspired,confirmed_violation,BAS_R04,e_waste_residue,disposal_transfer,Basel-inspired__confirmed_violation,2575,0,yes
CASE_2576,train,70/15/15,Rotterdam-inspired,confirmed_violation,ROT_R05,listed_formulation,cross_border_sale,Rotterdam-inspired__confirmed_violation,2576,0,yes
CASE_2577,train,70/15/15,Rotterdam-inspired,no_violation,ROT_R01,listed_pesticide,export,Rotterdam-inspired__no_violation,2577,0,yes
CASE_2578,train,70/15/15,Minamata-inspired,confirmed_violation,MIN_R03,mercury_sludge,storage,Minamata-inspired__confirmed_violation,2578,0,yes
CASE_2579,train,70/15/15,Stockholm-inspired,probable_violation,STO_R02,PCB_stock,storage,Stockholm-inspired__probable_violation,2579,0,yes
CASE_2582,train,70/15/15,Montreal-inspired,probable_violation,MON_R02,CFC_stock,production,Montreal-inspired__probable_violation,2582,0,yes
CASE_2583,train,70/15/15,Minamata-inspired,confirmed_violation,MIN_R01,mercury_release,release,Minamata-inspired__confirmed_violation,2583,0,yes
CASE_2586,train,70/15/15,Minamata-inspired,probable_violation,MIN_R04,mercury_contaminated_effluent,treatment,Minamata-inspired__probable_violation,2586,0,yes
CASE_2587,train,70/15/15,Montreal-inspired,no_violation,MON_R03,HCFC_batch,use,Montreal-inspired__no_violation,2587,0,yes
CASE_2588,train,70/15/15,Basel-inspired,confirmed_violation,BAS_R01,hazardous_waste,movement,Basel-inspired__confirmed_violation,2588,0,yes
CASE_2590,train,70/15/15,Montreal-inspired,human_review_required,MON_R01,controlled_ODS,import,Montreal-inspired__human_review_required,2590,0,yes
CASE_2592,train,70/15/15,Montreal-inspired,confirmed_violation,MON_R04,ODS_blend,sale,Montreal-inspired__confirmed_violation,2592,0,yes
CASE_2593,train,70/15/15,Rotterdam-inspired,confirmed_violation,ROT_R04,restricted_solvent,export,Rotterdam-inspired__confirmed_violation,2593,0,yes
CASE_2594,train,70/15/15,Montreal-inspired,no_violation,MON_R05,refrigerant_stock,import,Montreal-inspired__no_violation,2594,0,yes
CASE_2595,train,70/15/15,Basel-inspired,insufficient_evidence,BAS_R05,spent_acid,movement,Basel-inspired__insufficient_evidence,2595,0,yes
CASE_2596,train,70/15/15,Stockholm-inspired,confirmed_violation,STO_R04,POP_contaminated_material,treatment,Stockholm-inspired__confirmed_violation,2596,0,yes
CASE_2597,train,70/15/15,Montreal-inspired,confirmed_violation,MON_R04,ODS_blend,sale,Montreal-inspired__confirmed_violation,2597,0,yes
CASE_2598,train,70/15/15,Stockholm-inspired,confirmed_violation,STO_R01,listed_POP,use,Stockholm-inspired__confirmed_violation,2598,0,yes
CASE_2599,train,70/15/15,Minamata-inspired,probable_violation,MIN_R01,mercury_release,release,Minamata-inspired__probable_violation,2599,0,yes
CASE_2600,train,70/15/15,Stockholm-inspired,no_violation,STO_R03,obsolete_pesticide_POP,disposal,Stockholm-inspired__no_violation,2600,0,yes
CASE_2601,train,70/15/15,Rotterdam-inspired,insufficient_evidence,ROT_R02,hazardous_chemical,cross_border_sale,Rotterdam-inspired__insufficient_evidence,2601,0,yes
CASE_2602,train,70/15/15,Basel-inspired,confirmed_violation,BAS_R01,hazardous_waste,movement,Basel-inspired__confirmed_violation,2602,0,yes
CASE_2604,train,70/15/15,Stockholm-inspired,insufficient_evidence,STO_R05,restricted_flame_retardant,use,Stockholm-inspired__insufficient_evidence,2604,0,yes
CASE_2605,train,70/15/15,Stockholm-inspired,probable_violation,STO_R05,restricted_flame_retardant,use,Stockholm-inspired__probable_violation,2605,0,yes
CASE_2606,train,70/15/15,Rotterdam-inspired,probable_violation,ROT_R01,listed_pesticide,export,Rotterdam-inspired__probable_violation,2606,0,yes
CASE_2607,train,70/15/15,Basel-inspired,probable_violation,BAS_R01,hazardous_waste,movement,Basel-inspired__probable_violation,2607,0,yes
CASE_2609,train,70/15/15,Rotterdam-inspired,no_violation,ROT_R03,industrial_precursor,shipment,Rotterdam-inspired__no_violation,2609,0,yes
CASE_2612,train,70/15/15,Minamata-inspired,probable_violation,MIN_R02,mercury_waste,waste_handling,Minamata-inspired__probable_violation,2612,0,yes
CASE_2613,train,70/15/15,Rotterdam-inspired,no_violation,ROT_R04,restricted_solvent,export,Rotterdam-inspired__no_violation,2613,0,yes
CASE_2614,train,70/15/15,Rotterdam-inspired,insufficient_evidence,ROT_R04,restricted_solvent,export,Rotterdam-inspired__insufficient_evidence,2614,0,yes
CASE_2617,train,70/15/15,Stockholm-inspired,insufficient_evidence,STO_R02,PCB_stock,storage,Stockholm-inspired__insufficient_evidence,2617,0,yes
CASE_2618,train,70/15/15,Basel-inspired,no_violation,BAS_R05,spent_acid,movement,Basel-inspired__no_violation,2618,0,yes
CASE_2620,train,70/15/15,Montreal-inspired,confirmed_violation,MON_R01,controlled_ODS,import,Montreal-inspired__confirmed_violation,2620,0,yes
CASE_2623,train,70/15/15,Stockholm-inspired,no_violation,STO_R01,listed_POP,use,Stockholm-inspired__no_violation,2623,0,yes
CASE_2624,train,70/15/15,Rotterdam-inspired,no_violation,ROT_R05,listed_formulation,cross_border_sale,Rotterdam-inspired__no_violation,2624,0,yes
CASE_2625,train,70/15/15,Basel-inspired,no_violation,BAS_R02,waste_solvent,export,Basel-inspired__no_violation,2625,0,yes
CASE_2626,train,70/15/15,Stockholm-inspired,probable_violation,STO_R03,obsolete_pesticide_POP,disposal,Stockholm-inspired__probable_violation,2626,0,yes
CASE_2627,train,70/15/15,Rotterdam-inspired,insufficient_evidence,ROT_R04,restricted_solvent,export,Rotterdam-inspired__insufficient_evidence,2627,0,yes
CASE_2628,train,70/15/15,Rotterdam-inspired,no_violation,ROT_R03,industrial_precursor,shipment,Rotterdam-inspired__no_violation,2628,0,yes
CASE_2629,train,70/15/15,Rotterdam-inspired,confirmed_violation,ROT_R04,restricted_solvent,export,Rotterdam-inspired__confirmed_violation,2629,0,yes
CASE_2630,train,70/15/15,Rotterdam-inspired,insufficient_evidence,ROT_R03,industrial_precursor,shipment,Rotterdam-inspired__insufficient_evidence,2630,0,yes
CASE_2633,train,70/15/15,Minamata-inspired,no_violation,MIN_R02,mercury_waste,waste_handling,Minamata-inspired__no_violation,2633,0,yes
CASE_2634,train,70/15/15,Stockholm-inspired,no_violation,STO_R03,obsolete_pesticide_POP,disposal,Stockholm-inspired__no_violation,2634,0,yes
CASE_2635,train,70/15/15,Basel-inspired,insufficient_evidence,BAS_R05,spent_acid,movement,Basel-inspired__insufficient_evidence,2635,0,yes
CASE_2636,train,70/15/15,Rotterdam-inspired,probable_violation,ROT_R04,restricted_solvent,export,Rotterdam-inspired__probable_violation,2636,0,yes
CASE_2637,train,70/15/15,Rotterdam-inspired,insufficient_evidence,ROT_R03,industrial_precursor,shipment,Rotterdam-inspired__insufficient_evidence,2637,0,yes
CASE_2638,train,70/15/15,Stockholm-inspired,insufficient_evidence,STO_R04,POP_contaminated_material,treatment,Stockholm-inspired__insufficient_evidence,2638,0,yes
CASE_2639,train,70/15/15,Basel-inspired,confirmed_violation,BAS_R05,spent_acid,movement,Basel-inspired__confirmed_violation,2639,0,yes
CASE_2640,train,70/15/15,Stockholm-inspired,human_review_required,STO_R03,obsolete_pesticide_POP,disposal,Stockholm-inspired__human_review_required,2640,0,yes
CASE_2641,train,70/15/15,Stockholm-inspired,no_violation,STO_R03,obsolete_pesticide_POP,disposal,Stockholm-inspired__no_violation,2641,0,yes
CASE_2642,train,70/15/15,Basel-inspired,human_review_required,BAS_R02,waste_solvent,export,Basel-inspired__human_review_required,2642,0,yes
CASE_2643,train,70/15/15,Basel-inspired,probable_violation,BAS_R01,hazardous_waste,movement,Basel-inspired__probable_violation,2643,0,yes
CASE_2644,train,70/15/15,Stockholm-inspired,confirmed_violation,STO_R02,PCB_stock,storage,Stockholm-inspired__confirmed_violation,2644,0,yes
CASE_2646,train,70/15/15,Minamata-inspired,confirmed_violation,MIN_R01,mercury_release,release,Minamata-inspired__confirmed_violation,2646,0,yes
CASE_2647,train,70/15/15,Minamata-inspired,confirmed_violation,MIN_R01,mercury_release,release,Minamata-inspired__confirmed_violation,2647,0,yes
CASE_2648,train,70/15/15,Stockholm-inspired,probable_violation,STO_R03,obsolete_pesticide_POP,disposal,Stockholm-inspired__probable_violation,2648,0,yes
CASE_2649,train,70/15/15,Basel-inspired,confirmed_violation,BAS_R05,spent_acid,movement,Basel-inspired__confirmed_violation,2649,0,yes
CASE_2651,train,70/15/15,Basel-inspired,confirmed_violation,BAS_R05,spent_acid,movement,Basel-inspired__confirmed_violation,2651,0,yes
CASE_2652,train,70/15/15,Montreal-inspired,confirmed_violation,MON_R05,refrigerant_stock,import,Montreal-inspired__confirmed_violation,2652,0,yes
CASE_2653,train,70/15/15,Montreal-inspired,insufficient_evidence,MON_R04,ODS_blend,sale,Montreal-inspired__insufficient_evidence,2653,0,yes
CASE_2654,train,70/15/15,Basel-inspired,probable_violation,BAS_R05,spent_acid,movement,Basel-inspired__probable_violation,2654,0,yes
CASE_2656,train,70/15/15,Stockholm-inspired,probable_violation,STO_R05,restricted_flame_retardant,use,Stockholm-inspired__probable_violation,2656,0,yes
CASE_2657,train,70/15/15,Minamata-inspired,probable_violation,MIN_R01,mercury_release,release,Minamata-inspired__probable_violation,2657,0,yes
CASE_2658,train,70/15/15,Minamata-inspired,probable_violation,MIN_R03,mercury_sludge,storage,Minamata-inspired__probable_violation,2658,0,yes
CASE_2660,train,70/15/15,Rotterdam-inspired,insufficient_evidence,ROT_R05,listed_formulation,cross_border_sale,Rotterdam-inspired__insufficient_evidence,2660,0,yes
CASE_2662,train,70/15/15,Basel-inspired,probable_violation,BAS_R03,contaminated_sludge,transfer,Basel-inspired__probable_violation,2662,0,yes
CASE_2664,train,70/15/15,Basel-inspired,human_review_required,BAS_R04,e_waste_residue,disposal_transfer,Basel-inspired__human_review_required,2664,0,yes
CASE_2665,train,70/15/15,Basel-inspired,insufficient_evidence,BAS_R04,e_waste_residue,disposal_transfer,Basel-inspired__insufficient_evidence,2665,0,yes
CASE_2666,train,70/15/15,Rotterdam-inspired,confirmed_violation,ROT_R01,listed_pesticide,export,Rotterdam-inspired__confirmed_violation,2666,0,yes
CASE_2667,train,70/15/15,Montreal-inspired,human_review_required,MON_R02,CFC_stock,production,Montreal-inspired__human_review_required,2667,0,yes
CASE_2668,train,70/15/15,Montreal-inspired,probable_violation,MON_R04,ODS_blend,sale,Montreal-inspired__probable_violation,2668,0,yes
CASE_2671,train,70/15/15,Rotterdam-inspired,confirmed_violation,ROT_R02,hazardous_chemical,cross_border_sale,Rotterdam-inspired__confirmed_violation,2671,0,yes
CASE_2672,train,70/15/15,Montreal-inspired,no_violation,MON_R03,HCFC_batch,use,Montreal-inspired__no_violation,2672,0,yes
CASE_2673,train,70/15/15,Minamata-inspired,insufficient_evidence,MIN_R01,mercury_release,release,Minamata-inspired__insufficient_evidence,2673,0,yes
CASE_2674,train,70/15/15,Rotterdam-inspired,insufficient_evidence,ROT_R03,industrial_precursor,shipment,Rotterdam-inspired__insufficient_evidence,2674,0,yes
CASE_2675,train,70/15/15,Montreal-inspired,no_violation,MON_R04,ODS_blend,sale,Montreal-inspired__no_violation,2675,0,yes
CASE_2677,train,70/15/15,Stockholm-inspired,probable_violation,STO_R02,PCB_stock,storage,Stockholm-inspired__probable_violation,2677,0,yes
CASE_2678,train,70/15/15,Rotterdam-inspired,probable_violation,ROT_R03,industrial_precursor,shipment,Rotterdam-inspired__probable_violation,2678,0,yes
CASE_2679,train,70/15/15,Montreal-inspired,confirmed_violation,MON_R03,HCFC_batch,use,Montreal-inspired__confirmed_violation,2679,0,yes
CASE_2681,train,70/15/15,Rotterdam-inspired,confirmed_violation,ROT_R02,hazardous_chemical,cross_border_sale,Rotterdam-inspired__confirmed_violation,2681,0,yes
CASE_2684,train,70/15/15,Basel-inspired,no_violation,BAS_R04,e_waste_residue,disposal_transfer,Basel-inspired__no_violation,2684,0,yes
CASE_2685,train,70/15/15,Basel-inspired,confirmed_violation,BAS_R03,contaminated_sludge,transfer,Basel-inspired__confirmed_violation,2685,0,yes
CASE_2686,train,70/15/15,Rotterdam-inspired,probable_violation,ROT_R02,hazardous_chemical,cross_border_sale,Rotterdam-inspired__probable_violation,2686,0,yes
CASE_2687,train,70/15/15,Basel-inspired,probable_violation,BAS_R01,hazardous_waste,movement,Basel-inspired__probable_violation,2687,0,yes
CASE_2688,train,70/15/15,Basel-inspired,human_review_required,BAS_R05,spent_acid,movement,Basel-inspired__human_review_required,2688,0,yes
CASE_2689,train,70/15/15,Stockholm-inspired,confirmed_violation,STO_R01,listed_POP,use,Stockholm-inspired__confirmed_violation,2689,0,yes
CASE_2690,train,70/15/15,Minamata-inspired,no_violation,MIN_R01,mercury_release,release,Minamata-inspired__no_violation,2690,0,yes
CASE_2691,train,70/15/15,Basel-inspired,probable_violation,BAS_R02,waste_solvent,export,Basel-inspired__probable_violation,2691,0,yes
CASE_2692,train,70/15/15,Minamata-inspired,insufficient_evidence,MIN_R01,mercury_release,release,Minamata-inspired__insufficient_evidence,2692,0,yes
CASE_2694,train,70/15/15,Montreal-inspired,confirmed_violation,MON_R03,HCFC_batch,use,Montreal-inspired__confirmed_violation,2694,0,yes
CASE_2697,train,70/15/15,Montreal-inspired,insufficient_evidence,MON_R03,HCFC_batch,use,Montreal-inspired__insufficient_evidence,2697,0,yes
CASE_2698,train,70/15/15,Rotterdam-inspired,probable_violation,ROT_R04,restricted_solvent,export,Rotterdam-inspired__probable_violation,2698,0,yes
CASE_2700,train,70/15/15,Stockholm-inspired,insufficient_evidence,STO_R02,PCB_stock,storage,Stockholm-inspired__insufficient_evidence,2700,0,yes
CASE_2701,train,70/15/15,Rotterdam-inspired,confirmed_violation,ROT_R02,hazardous_chemical,cross_border_sale,Rotterdam-inspired__confirmed_violation,2701,0,yes
CASE_2705,train,70/15/15,Montreal-inspired,insufficient_evidence,MON_R01,controlled_ODS,import,Montreal-inspired__insufficient_evidence,2705,0,yes
CASE_2708,train,70/15/15,Minamata-inspired,probable_violation,MIN_R03,mercury_sludge,storage,Minamata-inspired__probable_violation,2708,0,yes
CASE_2709,train,70/15/15,Basel-inspired,insufficient_evidence,BAS_R05,spent_acid,movement,Basel-inspired__insufficient_evidence,2709,0,yes
CASE_2710,train,70/15/15,Basel-inspired,probable_violation,BAS_R03,contaminated_sludge,transfer,Basel-inspired__probable_violation,2710,0,yes
CASE_2711,train,70/15/15,Minamata-inspired,probable_violation,MIN_R01,mercury_release,release,Minamata-inspired__probable_violation,2711,0,yes
CASE_2712,train,70/15/15,Montreal-inspired,confirmed_violation,MON_R02,CFC_stock,production,Montreal-inspired__confirmed_violation,2712,0,yes
CASE_2713,train,70/15/15,Minamata-inspired,probable_violation,MIN_R01,mercury_release,release,Minamata-inspired__probable_violation,2713,0,yes
CASE_2715,train,70/15/15,Basel-inspired,confirmed_violation,BAS_R02,waste_solvent,export,Basel-inspired__confirmed_violation,2715,0,yes
CASE_2716,train,70/15/15,Montreal-inspired,insufficient_evidence,MON_R01,controlled_ODS,import,Montreal-inspired__insufficient_evidence,2716,0,yes
CASE_2717,train,70/15/15,Minamata-inspired,confirmed_violation,MIN_R02,mercury_waste,waste_handling,Minamata-inspired__confirmed_violation,2717,0,yes
CASE_2718,train,70/15/15,Stockholm-inspired,confirmed_violation,STO_R03,obsolete_pesticide_POP,disposal,Stockholm-inspired__confirmed_violation,2718,0,yes
CASE_2720,train,70/15/15,Basel-inspired,no_violation,BAS_R03,contaminated_sludge,transfer,Basel-inspired__no_violation,2720,0,yes
CASE_2721,train,70/15/15,Stockholm-inspired,no_violation,STO_R02,PCB_stock,storage,Stockholm-inspired__no_violation,2721,0,yes
CASE_2722,train,70/15/15,Rotterdam-inspired,no_violation,ROT_R05,listed_formulation,cross_border_sale,Rotterdam-inspired__no_violation,2722,0,yes
CASE_2724,train,70/15/15,Stockholm-inspired,no_violation,STO_R05,restricted_flame_retardant,use,Stockholm-inspired__no_violation,2724,0,yes
CASE_2725,train,70/15/15,Rotterdam-inspired,human_review_required,ROT_R04,restricted_solvent,export,Rotterdam-inspired__human_review_required,2725,0,yes
CASE_2726,train,70/15/15,Rotterdam-inspired,no_violation,ROT_R03,industrial_precursor,shipment,Rotterdam-inspired__no_violation,2726,0,yes
CASE_2727,train,70/15/15,Stockholm-inspired,insufficient_evidence,STO_R02,PCB_stock,storage,Stockholm-inspired__insufficient_evidence,2727,0,yes
CASE_2729,train,70/15/15,Minamata-inspired,confirmed_violation,MIN_R04,mercury_contaminated_effluent,treatment,Minamata-inspired__confirmed_violation,2729,0,yes
CASE_2730,train,70/15/15,Montreal-inspired,confirmed_violation,MON_R04,ODS_blend,sale,Montreal-inspired__confirmed_violation,2730,0,yes
CASE_2732,train,70/15/15,Stockholm-inspired,confirmed_violation,STO_R05,restricted_flame_retardant,use,Stockholm-inspired__confirmed_violation,2732,0,yes
CASE_2734,train,70/15/15,Montreal-inspired,confirmed_violation,MON_R05,refrigerant_stock,import,Montreal-inspired__confirmed_violation,2734,0,yes
CASE_2735,train,70/15/15,Basel-inspired,insufficient_evidence,BAS_R05,spent_acid,movement,Basel-inspired__insufficient_evidence,2735,0,yes
CASE_2736,train,70/15/15,Montreal-inspired,no_violation,MON_R03,HCFC_batch,use,Montreal-inspired__no_violation,2736,0,yes
CASE_2738,train,70/15/15,Rotterdam-inspired,confirmed_violation,ROT_R04,restricted_solvent,export,Rotterdam-inspired__confirmed_violation,2738,0,yes
CASE_2739,train,70/15/15,Minamata-inspired,confirmed_violation,MIN_R01,mercury_release,release,Minamata-inspired__confirmed_violation,2739,0,yes
CASE_2740,train,70/15/15,Basel-inspired,probable_violation,BAS_R03,contaminated_sludge,transfer,Basel-inspired__probable_violation,2740,0,yes
CASE_2742,train,70/15/15,Rotterdam-inspired,confirmed_violation,ROT_R02,hazardous_chemical,cross_border_sale,Rotterdam-inspired__confirmed_violation,2742,0,yes
CASE_2743,train,70/15/15,Basel-inspired,insufficient_evidence,BAS_R05,spent_acid,movement,Basel-inspired__insufficient_evidence,2743,0,yes
CASE_2745,train,70/15/15,Basel-inspired,human_review_required,BAS_R04,e_waste_residue,disposal_transfer,Basel-inspired__human_review_required,2745,0,yes
CASE_2746,train,70/15/15,Rotterdam-inspired,insufficient_evidence,ROT_R01,listed_pesticide,export,Rotterdam-inspired__insufficient_evidence,2746,0,yes
CASE_2747,train,70/15/15,Basel-inspired,insufficient_evidence,BAS_R03,contaminated_sludge,transfer,Basel-inspired__insufficient_evidence,2747,0,yes
CASE_2749,train,70/15/15,Basel-inspired,confirmed_violation,BAS_R04,e_waste_residue,disposal_transfer,Basel-inspired__confirmed_violation,2749,0,yes
CASE_2750,train,70/15/15,Rotterdam-inspired,no_violation,ROT_R02,hazardous_chemical,cross_border_sale,Rotterdam-inspired__no_violation,2750,0,yes
CASE_2751,train,70/15/15,Minamata-inspired,no_violation,MIN_R04,mercury_contaminated_effluent,treatment,Minamata-inspired__no_violation,2751,0,yes
CASE_2752,train,70/15/15,Minamata-inspired,insufficient_evidence,MIN_R03,mercury_sludge,storage,Minamata-inspired__insufficient_evidence,2752,0,yes
CASE_2754,train,70/15/15,Minamata-inspired,insufficient_evidence,MIN_R03,mercury_sludge,storage,Minamata-inspired__insufficient_evidence,2754,0,yes
CASE_2755,train,70/15/15,Basel-inspired,human_review_required,BAS_R02,waste_solvent,export,Basel-inspired__human_review_required,2755,0,yes
CASE_2756,train,70/15/15,Basel-inspired,human_review_required,BAS_R01,hazardous_waste,movement,Basel-inspired__human_review_required,2756,0,yes
CASE_2757,train,70/15/15,Stockholm-inspired,no_violation,STO_R02,PCB_stock,storage,Stockholm-inspired__no_violation,2757,0,yes
CASE_2759,train,70/15/15,Minamata-inspired,no_violation,MIN_R03,mercury_sludge,storage,Minamata-inspired__no_violation,2759,0,yes
CASE_2760,train,70/15/15,Minamata-inspired,confirmed_violation,MIN_R04,mercury_contaminated_effluent,treatment,Minamata-inspired__confirmed_violation,2760,0,yes
CASE_2761,train,70/15/15,Basel-inspired,confirmed_violation,BAS_R04,e_waste_residue,disposal_transfer,Basel-inspired__confirmed_violation,2761,0,yes
CASE_2762,train,70/15/15,Rotterdam-inspired,probable_violation,ROT_R01,listed_pesticide,export,Rotterdam-inspired__probable_violation,2762,0,yes
CASE_2763,train,70/15/15,Stockholm-inspired,probable_violation,STO_R04,POP_contaminated_material,treatment,Stockholm-inspired__probable_violation,2763,0,yes
CASE_2764,train,70/15/15,Rotterdam-inspired,confirmed_violation,ROT_R01,listed_pesticide,export,Rotterdam-inspired__confirmed_violation,2764,0,yes
CASE_2765,train,70/15/15,Rotterdam-inspired,probable_violation,ROT_R01,listed_pesticide,export,Rotterdam-inspired__probable_violation,2765,0,yes
CASE_2767,train,70/15/15,Montreal-inspired,human_review_required,MON_R01,controlled_ODS,import,Montreal-inspired__human_review_required,2767,0,yes
CASE_2768,train,70/15/15,Minamata-inspired,confirmed_violation,MIN_R03,mercury_sludge,storage,Minamata-inspired__confirmed_violation,2768,0,yes
CASE_2769,train,70/15/15,Stockholm-inspired,insufficient_evidence,STO_R05,restricted_flame_retardant,use,Stockholm-inspired__insufficient_evidence,2769,0,yes
CASE_2770,train,70/15/15,Rotterdam-inspired,insufficient_evidence,ROT_R05,listed_formulation,cross_border_sale,Rotterdam-inspired__insufficient_evidence,2770,0,yes
CASE_2772,train,70/15/15,Rotterdam-inspired,human_review_required,ROT_R05,listed_formulation,cross_border_sale,Rotterdam-inspired__human_review_required,2772,0,yes
CASE_2773,train,70/15/15,Stockholm-inspired,confirmed_violation,STO_R01,listed_POP,use,Stockholm-inspired__confirmed_violation,2773,0,yes
CASE_2774,train,70/15/15,Basel-inspired,insufficient_evidence,BAS_R03,contaminated_sludge,transfer,Basel-inspired__insufficient_evidence,2774,0,yes
CASE_2775,train,70/15/15,Stockholm-inspired,human_review_required,STO_R04,POP_contaminated_material,treatment,Stockholm-inspired__human_review_required,2775,0,yes
CASE_2776,train,70/15/15,Rotterdam-inspired,no_violation,ROT_R03,industrial_precursor,shipment,Rotterdam-inspired__no_violation,2776,0,yes
CASE_2777,train,70/15/15,Basel-inspired,no_violation,BAS_R05,spent_acid,movement,Basel-inspired__no_violation,2777,0,yes
CASE_2779,train,70/15/15,Rotterdam-inspired,insufficient_evidence,ROT_R03,industrial_precursor,shipment,Rotterdam-inspired__insufficient_evidence,2779,0,yes
CASE_2780,train,70/15/15,Minamata-inspired,no_violation,MIN_R04,mercury_contaminated_effluent,treatment,Minamata-inspired__no_violation,2780,0,yes
CASE_2781,train,70/15/15,Minamata-inspired,insufficient_evidence,MIN_R04,mercury_contaminated_effluent,treatment,Minamata-inspired__insufficient_evidence,2781,0,yes
CASE_2782,train,70/15/15,Stockholm-inspired,no_violation,STO_R04,POP_contaminated_material,treatment,Stockholm-inspired__no_violation,2782,0,yes
CASE_2784,train,70/15/15,Rotterdam-inspired,probable_violation,ROT_R02,hazardous_chemical,cross_border_sale,Rotterdam-inspired__probable_violation,2784,0,yes
CASE_2785,train,70/15/15,Basel-inspired,insufficient_evidence,BAS_R04,e_waste_residue,disposal_transfer,Basel-inspired__insufficient_evidence,2785,0,yes
CASE_2786,train,70/15/15,Basel-inspired,insufficient_evidence,BAS_R01,hazardous_waste,movement,Basel-inspired__insufficient_evidence,2786,0,yes
CASE_2787,train,70/15/15,Minamata-inspired,no_violation,MIN_R01,mercury_release,release,Minamata-inspired__no_violation,2787,0,yes
CASE_2790,train,70/15/15,Basel-inspired,human_review_required,BAS_R02,waste_solvent,export,Basel-inspired__human_review_required,2790,0,yes
CASE_2791,train,70/15/15,Minamata-inspired,no_violation,MIN_R04,mercury_contaminated_effluent,treatment,Minamata-inspired__no_violation,2791,0,yes
CASE_2792,train,70/15/15,Minamata-inspired,confirmed_violation,MIN_R05,mercury_air_emission,release,Minamata-inspired__confirmed_violation,2792,0,yes
CASE_2793,train,70/15/15,Basel-inspired,probable_violation,BAS_R05,spent_acid,movement,Basel-inspired__probable_violation,2793,0,yes
CASE_2794,train,70/15/15,Rotterdam-inspired,no_violation,ROT_R04,restricted_solvent,export,Rotterdam-inspired__no_violation,2794,0,yes
CASE_2795,train,70/15/15,Minamata-inspired,confirmed_violation,MIN_R04,mercury_contaminated_effluent,treatment,Minamata-inspired__confirmed_violation,2795,0,yes
CASE_2796,train,70/15/15,Montreal-inspired,human_review_required,MON_R05,refrigerant_stock,import,Montreal-inspired__human_review_required,2796,0,yes
CASE_2798,train,70/15/15,Stockholm-inspired,insufficient_evidence,STO_R03,obsolete_pesticide_POP,disposal,Stockholm-inspired__insufficient_evidence,2798,0,yes
CASE_2799,train,70/15/15,Basel-inspired,confirmed_violation,BAS_R01,hazardous_waste,movement,Basel-inspired__confirmed_violation,2799,0,yes
CASE_2801,train,70/15/15,Minamata-inspired,probable_violation,MIN_R02,mercury_waste,waste_handling,Minamata-inspired__probable_violation,2801,0,yes
CASE_2802,train,70/15/15,Montreal-inspired,probable_violation,MON_R04,ODS_blend,sale,Montreal-inspired__probable_violation,2802,0,yes
CASE_2803,train,70/15/15,Rotterdam-inspired,confirmed_violation,ROT_R03,industrial_precursor,shipment,Rotterdam-inspired__confirmed_violation,2803,0,yes
CASE_2804,train,70/15/15,Rotterdam-inspired,no_violation,ROT_R03,industrial_precursor,shipment,Rotterdam-inspired__no_violation,2804,0,yes
CASE_2805,train,70/15/15,Basel-inspired,no_violation,BAS_R01,hazardous_waste,movement,Basel-inspired__no_violation,2805,0,yes
CASE_2806,train,70/15/15,Stockholm-inspired,human_review_required,STO_R03,obsolete_pesticide_POP,disposal,Stockholm-inspired__human_review_required,2806,0,yes
CASE_2807,train,70/15/15,Stockholm-inspired,no_violation,STO_R01,listed_POP,use,Stockholm-inspired__no_violation,2807,0,yes
CASE_2809,train,70/15/15,Basel-inspired,insufficient_evidence,BAS_R03,contaminated_sludge,transfer,Basel-inspired__insufficient_evidence,2809,0,yes
CASE_2812,train,70/15/15,Montreal-inspired,no_violation,MON_R02,CFC_stock,production,Montreal-inspired__no_violation,2812,0,yes
CASE_2813,train,70/15/15,Basel-inspired,human_review_required,BAS_R03,contaminated_sludge,transfer,Basel-inspired__human_review_required,2813,0,yes
CASE_2814,train,70/15/15,Minamata-inspired,human_review_required,MIN_R02,mercury_waste,waste_handling,Minamata-inspired__human_review_required,2814,0,yes
CASE_2815,train,70/15/15,Stockholm-inspired,confirmed_violation,STO_R04,POP_contaminated_material,treatment,Stockholm-inspired__confirmed_violation,2815,0,yes
CASE_2816,train,70/15/15,Stockholm-inspired,confirmed_violation,STO_R05,restricted_flame_retardant,use,Stockholm-inspired__confirmed_violation,2816,0,yes
CASE_2817,train,70/15/15,Stockholm-inspired,insufficient_evidence,STO_R04,POP_contaminated_material,treatment,Stockholm-inspired__insufficient_evidence,2817,0,yes
CASE_2818,train,70/15/15,Stockholm-inspired,no_violation,STO_R02,PCB_stock,storage,Stockholm-inspired__no_violation,2818,0,yes
CASE_2819,train,70/15/15,Montreal-inspired,probable_violation,MON_R03,HCFC_batch,use,Montreal-inspired__probable_violation,2819,0,yes
CASE_2821,train,70/15/15,Basel-inspired,no_violation,BAS_R03,contaminated_sludge,transfer,Basel-inspired__no_violation,2821,0,yes
CASE_2822,train,70/15/15,Rotterdam-inspired,insufficient_evidence,ROT_R01,listed_pesticide,export,Rotterdam-inspired__insufficient_evidence,2822,0,yes
CASE_2823,train,70/15/15,Stockholm-inspired,probable_violation,STO_R02,PCB_stock,storage,Stockholm-inspired__probable_violation,2823,0,yes
CASE_2824,train,70/15/15,Minamata-inspired,confirmed_violation,MIN_R03,mercury_sludge,storage,Minamata-inspired__confirmed_violation,2824,0,yes
CASE_2826,train,70/15/15,Minamata-inspired,confirmed_violation,MIN_R01,mercury_release,release,Minamata-inspired__confirmed_violation,2826,0,yes
CASE_2827,train,70/15/15,Minamata-inspired,insufficient_evidence,MIN_R05,mercury_air_emission,release,Minamata-inspired__insufficient_evidence,2827,0,yes
CASE_2830,train,70/15/15,Montreal-inspired,human_review_required,MON_R01,controlled_ODS,import,Montreal-inspired__human_review_required,2830,0,yes
CASE_2831,train,70/15/15,Rotterdam-inspired,human_review_required,ROT_R02,hazardous_chemical,cross_border_sale,Rotterdam-inspired__human_review_required,2831,0,yes
CASE_2832,train,70/15/15,Minamata-inspired,human_review_required,MIN_R05,mercury_air_emission,release,Minamata-inspired__human_review_required,2832,0,yes
CASE_2833,train,70/15/15,Montreal-inspired,human_review_required,MON_R02,CFC_stock,production,Montreal-inspired__human_review_required,2833,0,yes
CASE_2834,train,70/15/15,Rotterdam-inspired,confirmed_violation,ROT_R04,restricted_solvent,export,Rotterdam-inspired__confirmed_violation,2834,0,yes
CASE_2835,train,70/15/15,Rotterdam-inspired,confirmed_violation,ROT_R01,listed_pesticide,export,Rotterdam-inspired__confirmed_violation,2835,0,yes
CASE_2836,train,70/15/15,Minamata-inspired,confirmed_violation,MIN_R01,mercury_release,release,Minamata-inspired__confirmed_violation,2836,0,yes
CASE_2837,train,70/15/15,Montreal-inspired,probable_violation,MON_R05,refrigerant_stock,import,Montreal-inspired__probable_violation,2837,0,yes
CASE_2838,train,70/15/15,Stockholm-inspired,confirmed_violation,STO_R04,POP_contaminated_material,treatment,Stockholm-inspired__confirmed_violation,2838,0,yes
CASE_2839,train,70/15/15,Basel-inspired,probable_violation,BAS_R01,hazardous_waste,movement,Basel-inspired__probable_violation,2839,0,yes
CASE_2840,train,70/15/15,Basel-inspired,no_violation,BAS_R05,spent_acid,movement,Basel-inspired__no_violation,2840,0,yes
CASE_2841,train,70/15/15,Rotterdam-inspired,no_violation,ROT_R04,restricted_solvent,export,Rotterdam-inspired__no_violation,2841,0,yes
CASE_2844,train,70/15/15,Basel-inspired,human_review_required,BAS_R04,e_waste_residue,disposal_transfer,Basel-inspired__human_review_required,2844,0,yes
CASE_2845,train,70/15/15,Basel-inspired,no_violation,BAS_R05,spent_acid,movement,Basel-inspired__no_violation,2845,0,yes
CASE_2846,train,70/15/15,Rotterdam-inspired,insufficient_evidence,ROT_R01,listed_pesticide,export,Rotterdam-inspired__insufficient_evidence,2846,0,yes
CASE_2849,train,70/15/15,Minamata-inspired,probable_violation,MIN_R01,mercury_release,release,Minamata-inspired__probable_violation,2849,0,yes
CASE_2850,train,70/15/15,Montreal-inspired,probable_violation,MON_R03,HCFC_batch,use,Montreal-inspired__probable_violation,2850,0,yes
CASE_2851,train,70/15/15,Basel-inspired,no_violation,BAS_R05,spent_acid,movement,Basel-inspired__no_violation,2851,0,yes
CASE_2855,train,70/15/15,Rotterdam-inspired,no_violation,ROT_R03,industrial_precursor,shipment,Rotterdam-inspired__no_violation,2855,0,yes
CASE_2862,train,70/15/15,Montreal-inspired,no_violation,MON_R05,refrigerant_stock,import,Montreal-inspired__no_violation,2862,0,yes
CASE_2863,train,70/15/15,Stockholm-inspired,human_review_required,STO_R01,listed_POP,use,Stockholm-inspired__human_review_required,2863,0,yes
CASE_2864,train,70/15/15,Stockholm-inspired,insufficient_evidence,STO_R05,restricted_flame_retardant,use,Stockholm-inspired__insufficient_evidence,2864,0,yes
CASE_2865,train,70/15/15,Rotterdam-inspired,human_review_required,ROT_R01,listed_pesticide,export,Rotterdam-inspired__human_review_required,2865,0,yes
CASE_2866,train,70/15/15,Montreal-inspired,no_violation,MON_R04,ODS_blend,sale,Montreal-inspired__no_violation,2866,0,yes
CASE_2867,train,70/15/15,Minamata-inspired,no_violation,MIN_R05,mercury_air_emission,release,Minamata-inspired__no_violation,2867,0,yes
CASE_2869,train,70/15/15,Stockholm-inspired,no_violation,STO_R05,restricted_flame_retardant,use,Stockholm-inspired__no_violation,2869,0,yes
CASE_2870,train,70/15/15,Montreal-inspired,probable_violation,MON_R02,CFC_stock,production,Montreal-inspired__probable_violation,2870,0,yes
CASE_2871,train,70/15/15,Minamata-inspired,insufficient_evidence,MIN_R03,mercury_sludge,storage,Minamata-inspired__insufficient_evidence,2871,0,yes
CASE_2872,train,70/15/15,Rotterdam-inspired,human_review_required,ROT_R03,industrial_precursor,shipment,Rotterdam-inspired__human_review_required,2872,0,yes
CASE_2873,train,70/15/15,Rotterdam-inspired,insufficient_evidence,ROT_R02,hazardous_chemical,cross_border_sale,Rotterdam-inspired__insufficient_evidence,2873,0,yes
CASE_2875,train,70/15/15,Minamata-inspired,insufficient_evidence,MIN_R03,mercury_sludge,storage,Minamata-inspired__insufficient_evidence,2875,0,yes
CASE_2876,train,70/15/15,Montreal-inspired,no_violation,MON_R02,CFC_stock,production,Montreal-inspired__no_violation,2876,0,yes
CASE_2878,train,70/15/15,Basel-inspired,probable_violation,BAS_R01,hazardous_waste,movement,Basel-inspired__probable_violation,2878,0,yes
CASE_2879,train,70/15/15,Minamata-inspired,confirmed_violation,MIN_R04,mercury_contaminated_effluent,treatment,Minamata-inspired__confirmed_violation,2879,0,yes
CASE_2880,train,70/15/15,Basel-inspired,confirmed_violation,BAS_R01,hazardous_waste,movement,Basel-inspired__confirmed_violation,2880,0,yes
CASE_2881,train,70/15/15,Minamata-inspired,confirmed_violation,MIN_R01,mercury_release,release,Minamata-inspired__confirmed_violation,2881,0,yes
CASE_2882,train,70/15/15,Basel-inspired,human_review_required,BAS_R03,contaminated_sludge,transfer,Basel-inspired__human_review_required,2882,0,yes
CASE_2884,train,70/15/15,Montreal-inspired,no_violation,MON_R01,controlled_ODS,import,Montreal-inspired__no_violation,2884,0,yes
CASE_2888,train,70/15/15,Stockholm-inspired,insufficient_evidence,STO_R04,POP_contaminated_material,treatment,Stockholm-inspired__insufficient_evidence,2888,0,yes
CASE_2890,train,70/15/15,Basel-inspired,insufficient_evidence,BAS_R02,waste_solvent,export,Basel-inspired__insufficient_evidence,2890,0,yes
CASE_2891,train,70/15/15,Basel-inspired,human_review_required,BAS_R04,e_waste_residue,disposal_transfer,Basel-inspired__human_review_required,2891,0,yes
CASE_2892,train,70/15/15,Minamata-inspired,confirmed_violation,MIN_R02,mercury_waste,waste_handling,Minamata-inspired__confirmed_violation,2892,0,yes
CASE_2893,train,70/15/15,Stockholm-inspired,no_violation,STO_R03,obsolete_pesticide_POP,disposal,Stockholm-inspired__no_violation,2893,0,yes
CASE_2895,train,70/15/15,Basel-inspired,human_review_required,BAS_R03,contaminated_sludge,transfer,Basel-inspired__human_review_required,2895,0,yes
CASE_2898,train,70/15/15,Rotterdam-inspired,confirmed_violation,ROT_R05,listed_formulation,cross_border_sale,Rotterdam-inspired__confirmed_violation,2898,0,yes
CASE_2900,train,70/15/15,Montreal-inspired,human_review_required,MON_R03,HCFC_batch,use,Montreal-inspired__human_review_required,2900,0,yes
CASE_2901,train,70/15/15,Rotterdam-inspired,insufficient_evidence,ROT_R02,hazardous_chemical,cross_border_sale,Rotterdam-inspired__insufficient_evidence,2901,0,yes
CASE_2902,train,70/15/15,Montreal-inspired,human_review_required,MON_R03,HCFC_batch,use,Montreal-inspired__human_review_required,2902,0,yes
CASE_2903,train,70/15/15,Montreal-inspired,no_violation,MON_R04,ODS_blend,sale,Montreal-inspired__no_violation,2903,0,yes
CASE_2904,train,70/15/15,Montreal-inspired,confirmed_violation,MON_R05,refrigerant_stock,import,Montreal-inspired__confirmed_violation,2904,0,yes
CASE_2905,train,70/15/15,Stockholm-inspired,insufficient_evidence,STO_R04,POP_contaminated_material,treatment,Stockholm-inspired__insufficient_evidence,2905,0,yes
CASE_2907,train,70/15/15,Basel-inspired,human_review_required,BAS_R04,e_waste_residue,disposal_transfer,Basel-inspired__human_review_required,2907,0,yes
CASE_2908,train,70/15/15,Minamata-inspired,no_violation,MIN_R02,mercury_waste,waste_handling,Minamata-inspired__no_violation,2908,0,yes
CASE_2909,train,70/15/15,Rotterdam-inspired,insufficient_evidence,ROT_R03,industrial_precursor,shipment,Rotterdam-inspired__insufficient_evidence,2909,0,yes
CASE_2910,train,70/15/15,Minamata-inspired,no_violation,MIN_R03,mercury_sludge,storage,Minamata-inspired__no_violation,2910,0,yes
CASE_2911,train,70/15/15,Rotterdam-inspired,insufficient_evidence,ROT_R05,listed_formulation,cross_border_sale,Rotterdam-inspired__insufficient_evidence,2911,0,yes
CASE_2912,train,70/15/15,Basel-inspired,human_review_required,BAS_R04,e_waste_residue,disposal_transfer,Basel-inspired__human_review_required,2912,0,yes
CASE_2914,train,70/15/15,Rotterdam-inspired,no_violation,ROT_R01,listed_pesticide,export,Rotterdam-inspired__no_violation,2914,0,yes
CASE_2915,train,70/15/15,Minamata-inspired,confirmed_violation,MIN_R03,mercury_sludge,storage,Minamata-inspired__confirmed_violation,2915,0,yes
CASE_2916,train,70/15/15,Rotterdam-inspired,no_violation,ROT_R04,restricted_solvent,export,Rotterdam-inspired__no_violation,2916,0,yes
CASE_2917,train,70/15/15,Basel-inspired,no_violation,BAS_R01,hazardous_waste,movement,Basel-inspired__no_violation,2917,0,yes
CASE_2918,train,70/15/15,Stockholm-inspired,confirmed_violation,STO_R03,obsolete_pesticide_POP,disposal,Stockholm-inspired__confirmed_violation,2918,0,yes
CASE_2919,train,70/15/15,Montreal-inspired,human_review_required,MON_R03,HCFC_batch,use,Montreal-inspired__human_review_required,2919,0,yes
CASE_2920,train,70/15/15,Rotterdam-inspired,probable_violation,ROT_R02,hazardous_chemical,cross_border_sale,Rotterdam-inspired__probable_violation,2920,0,yes
CASE_2921,train,70/15/15,Minamata-inspired,probable_violation,MIN_R05,mercury_air_emission,release,Minamata-inspired__probable_violation,2921,0,yes
CASE_2924,train,70/15/15,Montreal-inspired,confirmed_violation,MON_R05,refrigerant_stock,import,Montreal-inspired__confirmed_violation,2924,0,yes
CASE_2925,train,70/15/15,Basel-inspired,no_violation,BAS_R02,waste_solvent,export,Basel-inspired__no_violation,2925,0,yes
CASE_2926,train,70/15/15,Minamata-inspired,human_review_required,MIN_R05,mercury_air_emission,release,Minamata-inspired__human_review_required,2926,0,yes
CASE_2928,train,70/15/15,Minamata-inspired,confirmed_violation,MIN_R04,mercury_contaminated_effluent,treatment,Minamata-inspired__confirmed_violation,2928,0,yes
CASE_2929,train,70/15/15,Minamata-inspired,human_review_required,MIN_R05,mercury_air_emission,release,Minamata-inspired__human_review_required,2929,0,yes
CASE_2931,train,70/15/15,Stockholm-inspired,no_violation,STO_R05,restricted_flame_retardant,use,Stockholm-inspired__no_violation,2931,0,yes
CASE_2936,train,70/15/15,Montreal-inspired,insufficient_evidence,MON_R04,ODS_blend,sale,Montreal-inspired__insufficient_evidence,2936,0,yes
CASE_2937,train,70/15/15,Rotterdam-inspired,human_review_required,ROT_R03,industrial_precursor,shipment,Rotterdam-inspired__human_review_required,2937,0,yes
CASE_2938,train,70/15/15,Montreal-inspired,confirmed_violation,MON_R04,ODS_blend,sale,Montreal-inspired__confirmed_violation,2938,0,yes
CASE_2940,train,70/15/15,Basel-inspired,insufficient_evidence,BAS_R04,e_waste_residue,disposal_transfer,Basel-inspired__insufficient_evidence,2940,0,yes
CASE_2943,train,70/15/15,Minamata-inspired,confirmed_violation,MIN_R02,mercury_waste,waste_handling,Minamata-inspired__confirmed_violation,2943,0,yes
CASE_2945,train,70/15/15,Basel-inspired,no_violation,BAS_R03,contaminated_sludge,transfer,Basel-inspired__no_violation,2945,0,yes
CASE_2946,train,70/15/15,Rotterdam-inspired,probable_violation,ROT_R05,listed_formulation,cross_border_sale,Rotterdam-inspired__probable_violation,2946,0,yes
CASE_2948,train,70/15/15,Stockholm-inspired,probable_violation,STO_R02,PCB_stock,storage,Stockholm-inspired__probable_violation,2948,0,yes
CASE_2950,train,70/15/15,Stockholm-inspired,insufficient_evidence,STO_R05,restricted_flame_retardant,use,Stockholm-inspired__insufficient_evidence,2950,0,yes
CASE_2951,train,70/15/15,Minamata-inspired,no_violation,MIN_R05,mercury_air_emission,release,Minamata-inspired__no_violation,2951,0,yes
CASE_2952,train,70/15/15,Rotterdam-inspired,insufficient_evidence,ROT_R04,restricted_solvent,export,Rotterdam-inspired__insufficient_evidence,2952,0,yes
CASE_2953,train,70/15/15,Minamata-inspired,human_review_required,MIN_R01,mercury_release,release,Minamata-inspired__human_review_required,2953,0,yes
CASE_2954,train,70/15/15,Minamata-inspired,probable_violation,MIN_R01,mercury_release,release,Minamata-inspired__probable_violation,2954,0,yes
CASE_2955,train,70/15/15,Rotterdam-inspired,probable_violation,ROT_R05,listed_formulation,cross_border_sale,Rotterdam-inspired__probable_violation,2955,0,yes
CASE_2957,train,70/15/15,Rotterdam-inspired,confirmed_violation,ROT_R05,listed_formulation,cross_border_sale,Rotterdam-inspired__confirmed_violation,2957,0,yes
CASE_2958,train,70/15/15,Basel-inspired,probable_violation,BAS_R05,spent_acid,movement,Basel-inspired__probable_violation,2958,0,yes
CASE_2959,train,70/15/15,Minamata-inspired,no_violation,MIN_R05,mercury_air_emission,release,Minamata-inspired__no_violation,2959,0,yes
CASE_2962,train,70/15/15,Minamata-inspired,insufficient_evidence,MIN_R04,mercury_contaminated_effluent,treatment,Minamata-inspired__insufficient_evidence,2962,0,yes
CASE_2963,train,70/15/15,Montreal-inspired,probable_violation,MON_R02,CFC_stock,production,Montreal-inspired__probable_violation,2963,0,yes
CASE_2966,train,70/15/15,Montreal-inspired,insufficient_evidence,MON_R02,CFC_stock,production,Montreal-inspired__insufficient_evidence,2966,0,yes
CASE_2967,train,70/15/15,Minamata-inspired,human_review_required,MIN_R03,mercury_sludge,storage,Minamata-inspired__human_review_required,2967,0,yes
CASE_2968,train,70/15/15,Rotterdam-inspired,no_violation,ROT_R05,listed_formulation,cross_border_sale,Rotterdam-inspired__no_violation,2968,0,yes
CASE_2969,train,70/15/15,Basel-inspired,probable_violation,BAS_R03,contaminated_sludge,transfer,Basel-inspired__probable_violation,2969,0,yes
CASE_2970,train,70/15/15,Rotterdam-inspired,no_violation,ROT_R03,industrial_precursor,shipment,Rotterdam-inspired__no_violation,2970,0,yes
CASE_2972,train,70/15/15,Stockholm-inspired,no_violation,STO_R01,listed_POP,use,Stockholm-inspired__no_violation,2972,0,yes
CASE_2973,train,70/15/15,Basel-inspired,insufficient_evidence,BAS_R01,hazardous_waste,movement,Basel-inspired__insufficient_evidence,2973,0,yes
CASE_2974,train,70/15/15,Rotterdam-inspired,probable_violation,ROT_R05,listed_formulation,cross_border_sale,Rotterdam-inspired__probable_violation,2974,0,yes
CASE_2975,train,70/15/15,Basel-inspired,no_violation,BAS_R04,e_waste_residue,disposal_transfer,Basel-inspired__no_violation,2975,0,yes
CASE_2977,train,70/15/15,Montreal-inspired,probable_violation,MON_R02,CFC_stock,production,Montreal-inspired__probable_violation,2977,0,yes
CASE_2979,train,70/15/15,Minamata-inspired,confirmed_violation,MIN_R02,mercury_waste,waste_handling,Minamata-inspired__confirmed_violation,2979,0,yes
CASE_2980,train,70/15/15,Montreal-inspired,no_violation,MON_R05,refrigerant_stock,import,Montreal-inspired__no_violation,2980,0,yes
CASE_2981,train,70/15/15,Montreal-inspired,confirmed_violation,MON_R02,CFC_stock,production,Montreal-inspired__confirmed_violation,2981,0,yes
CASE_2982,train,70/15/15,Rotterdam-inspired,insufficient_evidence,ROT_R01,listed_pesticide,export,Rotterdam-inspired__insufficient_evidence,2982,0,yes
CASE_2985,train,70/15/15,Rotterdam-inspired,insufficient_evidence,ROT_R02,hazardous_chemical,cross_border_sale,Rotterdam-inspired__insufficient_evidence,2985,0,yes
CASE_2986,train,70/15/15,Rotterdam-inspired,human_review_required,ROT_R04,restricted_solvent,export,Rotterdam-inspired__human_review_required,2986,0,yes
CASE_2987,train,70/15/15,Montreal-inspired,probable_violation,MON_R05,refrigerant_stock,import,Montreal-inspired__probable_violation,2987,0,yes
CASE_2989,train,70/15/15,Rotterdam-inspired,no_violation,ROT_R02,hazardous_chemical,cross_border_sale,Rotterdam-inspired__no_violation,2989,0,yes
CASE_2990,train,70/15/15,Montreal-inspired,confirmed_violation,MON_R01,controlled_ODS,import,Montreal-inspired__confirmed_violation,2990,0,yes
CASE_2992,train,70/15/15,Basel-inspired,probable_violation,BAS_R03,contaminated_sludge,transfer,Basel-inspired__probable_violation,2992,0,yes
CASE_2993,train,70/15/15,Montreal-inspired,no_violation,MON_R03,HCFC_batch,use,Montreal-inspired__no_violation,2993,0,yes
CASE_2994,train,70/15/15,Montreal-inspired,probable_violation,MON_R04,ODS_blend,sale,Montreal-inspired__probable_violation,2994,0,yes
CASE_2995,train,70/15/15,Montreal-inspired,no_violation,MON_R01,controlled_ODS,import,Montreal-inspired__no_violation,2995,0,yes
CASE_2996,train,70/15/15,Rotterdam-inspired,confirmed_violation,ROT_R01,listed_pesticide,export,Rotterdam-inspired__confirmed_violation,2996,0,yes
CASE_2998,train,70/15/15,Rotterdam-inspired,confirmed_violation,ROT_R01,listed_pesticide,export,Rotterdam-inspired__confirmed_violation,2998,0,yes
CASE_3000,train,70/15/15,Stockholm-inspired,probable_violation,STO_R02,PCB_stock,storage,Stockholm-inspired__probable_violation,3000,0,yes
